pais,codigo_iso,anio,tipo_ganado,cabezas_ganado,produccion_carne_ton,emisiones_ch4_ton_co2eq,intensidad_emisiones,eficiencia_carne,flag_emision_extrema,anomalia_predicha_if,anomaly_score_if,anomalia_predicha_svm,anomaly_score_svm,consensus_anomalia,estado_emision,resultado_validacion
Argentina,ARG,2011,bovino,18160590,1857394,1121740,0.062,0.1023,0,0,0.4337840419566001,0,-6.654951949555492,0,Normal,Verdadero Negativo
Argentina,ARG,2011,porcino,13481224,1528896,1984357,0.147,0.1134,0,0,0.4129737097790028,0,-6.825839006876852,0,Normal,Verdadero Negativo
Argentina,ARG,2011,avicola,979196737,1290153,10160819,0.01,0.0013,0,0,0.42402317451673804,0,-6.62971713252594,0,Normal,Verdadero Negativo
Argentina,ARG,2011,ovino,13789178,477282,5061273,0.367,0.0346,0,0,0.3783204220622559,0,-8.101455900482597,0,Normal,Verdadero Negativo
Argentina,ARG,2011,caprino,2045715,345732,284966,0.139,0.169,0,0,0.47505560453558765,0,-5.139564890282961,0,Normal,Verdadero Negativo
Argentina,ARG,2012,bovino,16274211,2481380,2122329,0.13,0.1525,0,0,0.41086155516314565,0,-7.600555645292207,0,Normal,Verdadero Negativo
Argentina,ARG,2012,porcino,4456499,3268435,7561616,1.697,0.7334,0,0,0.4655846872320475,0,-6.535057652929813,0,Normal,Verdadero Negativo
Argentina,ARG,2012,avicola,291021486,2019646,23100170,0.079,0.0069,0,0,0.42867301721904516,0,-7.023817862355905,0,Normal,Verdadero Negativo
Argentina,ARG,2012,ovino,18365917,112058,7450288,0.406,0.0061,0,0,0.38753976303949234,0,-8.142267433481814,0,Normal,Verdadero Negativo
Argentina,ARG,2012,caprino,8904812,109883,6612691,0.743,0.0123,0,0,0.3825761071869559,0,-8.388614993059075,0,Normal,Verdadero Negativo
Argentina,ARG,2013,bovino,15892202,3543044,31826900,2.003,0.2229,0,0,0.4910336884165028,0,-5.71062724287538,0,Normal,Verdadero Negativo
Argentina,ARG,2013,porcino,7351492,2260825,4020380,0.547,0.3075,0,0,0.474259937600975,0,-5.695235231777373,0,Normal,Verdadero Negativo
Argentina,ARG,2013,avicola,198390904,517709,20992115,0.106,0.0026,0,0,0.47638356958467887,0,-5.818797712571833,0,Normal,Verdadero Negativo
Argentina,ARG,2013,ovino,6134828,346281,455445,0.074,0.0564,0,0,0.4826125411628337,1,-4.763520296684162,0,Normal,Verdadero Negativo
Argentina,ARG,2013,caprino,5744772,414209,3106121,0.541,0.0721,0,0,0.43950155937657687,0,-6.626589728832227,0,Normal,Verdadero Negativo
Argentina,ARG,2014,bovino,7036760,4373759,53414726,7.591,0.6216,1,1,0.5552469542459061,1,-4.763181375823387,1,Anomalía detectada,Verdadero Positivo
Argentina,ARG,2014,porcino,4362933,2608156,3165929,0.726,0.5978,0,0,0.45154678186512576,0,-6.250881854726811,0,Normal,Verdadero Negativo
Argentina,ARG,2014,avicola,824219637,118352,20158336,0.024,0.0001,0,0,0.43998212957727934,0,-5.413784163478864,0,Normal,Verdadero Negativo
Argentina,ARG,2014,ovino,14753516,18091,373400,0.025,0.0012,0,0,0.4703855825615112,0,-4.81997884240427,0,Normal,Verdadero Negativo
Argentina,ARG,2014,caprino,1510012,73924,1494917,0.99,0.049,0,0,0.4501161456396937,0,-6.404054426059766,0,Normal,Verdadero Negativo
Argentina,ARG,2015,bovino,50340284,190625,43677142,0.868,0.0038,0,0,0.45553709174407314,0,-6.07508829784851,0,Normal,Verdadero Negativo
Argentina,ARG,2015,porcino,11259045,433446,3698782,0.329,0.0385,0,0,0.42367797901612964,0,-6.869695487026504,0,Normal,Verdadero Negativo
Argentina,ARG,2015,avicola,979770973,1536055,19085897,0.019,0.0016,0,0,0.4566311705004235,0,-5.802854846301094,0,Normal,Verdadero Negativo
Argentina,ARG,2015,ovino,10213007,176325,2653046,0.26,0.0173,0,0,0.4251405579654117,0,-7.109024391129491,0,Normal,Verdadero Negativo
Argentina,ARG,2015,caprino,17270152,347361,8707273,0.504,0.0201,0,0,0.40344193551017465,0,-7.760174795522349,0,Normal,Verdadero Negativo
Argentina,ARG,2016,bovino,4381607,1002516,8660966,1.977,0.2288,0,0,0.44155487891064765,0,-8.284454363940208,0,Normal,Verdadero Negativo
Argentina,ARG,2016,porcino,18674060,898989,673119,0.036,0.0481,0,0,0.4507947690926234,0,-6.358847100922115,0,Normal,Verdadero Negativo
Argentina,ARG,2016,avicola,27911119,599881,15985408,0.573,0.0215,0,0,0.42999209697657326,0,-7.781550416383786,0,Normal,Verdadero Negativo
Argentina,ARG,2016,ovino,15460730,452712,5051423,0.327,0.0293,0,0,0.3926319769558596,0,-8.533712864826644,0,Normal,Verdadero Negativo
Argentina,ARG,2016,caprino,14122975,397826,2164134,0.153,0.0282,0,0,0.40591349468556087,0,-8.466872865216349,0,Normal,Verdadero Negativo
Argentina,ARG,2017,bovino,7566960,1743540,22525297,2.977,0.2304,1,0,0.4276428876970208,0,-7.418351836976853,0,Normal,Falso Negativo
Argentina,ARG,2017,porcino,15880125,809620,8889107,0.56,0.051,0,0,0.37777601766843444,0,-7.314831200021239,0,Normal,Verdadero Negativo
Argentina,ARG,2017,avicola,1153883502,324265,2864531,0.002,0.0003,0,0,0.4316628212314737,0,-6.08604979795779,0,Normal,Verdadero Negativo
Argentina,ARG,2017,ovino,7015033,267474,6657338,0.949,0.0381,0,0,0.3752948341221984,0,-8.159810024898325,0,Normal,Verdadero Negativo
Argentina,ARG,2017,caprino,16873880,98703,6080038,0.36,0.0058,0,0,0.3769843975428558,0,-8.012548528189637,0,Normal,Verdadero Negativo
Argentina,ARG,2018,bovino,28622696,4199285,27114110,0.947,0.1467,0,0,0.43909915682955314,0,-6.500867278968692,0,Normal,Verdadero Negativo
Argentina,ARG,2018,porcino,18113372,1705395,19823100,1.094,0.0942,0,0,0.44164589823974526,0,-6.232768930176804,0,Normal,Verdadero Negativo
Argentina,ARG,2018,avicola,731357959,221608,23399247,0.032,0.0003,0,0,0.4654613978778465,0,-6.2158819935809415,0,Normal,Verdadero Negativo
Argentina,ARG,2018,ovino,5135902,420834,2609283,0.508,0.0819,0,0,0.4301131386246684,0,-7.397890156256462,0,Normal,Verdadero Negativo
Argentina,ARG,2018,caprino,17597489,319941,10870079,0.618,0.0182,0,0,0.40548809867117463,0,-8.005835273664387,0,Normal,Verdadero Negativo
Argentina,ARG,2019,bovino,7593050,4326749,9460926,1.246,0.5698,0,0,0.49076327161598476,0,-5.488640144297586,0,Normal,Verdadero Negativo
Argentina,ARG,2019,porcino,5086842,918331,14237642,2.799,0.1805,1,0,0.4721092110397333,0,-6.372265218334631,0,Normal,Falso Negativo
Argentina,ARG,2019,avicola,388626399,1284364,17202956,0.044,0.0033,0,0,0.45760791145680196,0,-6.371777437088768,0,Normal,Verdadero Negativo
Argentina,ARG,2019,ovino,12696608,291906,5186803,0.409,0.023,0,0,0.40873293064049393,0,-7.190731997934867,0,Normal,Verdadero Negativo
Argentina,ARG,2019,caprino,9474573,234999,10633115,1.122,0.0248,0,0,0.41443432854481277,0,-7.224041825871335,0,Normal,Verdadero Negativo
Argentina,ARG,2020,bovino,31931197,3626867,23251460,0.728,0.1136,0,0,0.4384517010292554,0,-6.001331562523094,0,Normal,Verdadero Negativo
Argentina,ARG,2020,porcino,20544621,3238676,14292799,0.696,0.1576,0,0,0.44344412060973243,0,-5.386713423333434,0,Normal,Verdadero Negativo
Argentina,ARG,2020,avicola,1163169233,2226345,11149475,0.01,0.0019,0,0,0.4650982204556306,0,-5.381678711884546,0,Normal,Verdadero Negativo
Argentina,ARG,2020,ovino,12883839,315760,5694987,0.442,0.0245,0,0,0.4069907913943237,0,-6.6574647650957175,0,Normal,Verdadero Negativo
Argentina,ARG,2020,caprino,990627,308774,12748609,12.869,0.3117,1,1,0.5847997614976096,1,-4.267218827531033,1,Anomalía detectada,Verdadero Positivo
Brasil,BRA,2011,bovino,8723233,571438,26210666,3.005,0.0655,1,0,0.46527326171354744,0,-6.633730255992921,0,Normal,Falso Negativo
Brasil,BRA,2011,porcino,5124492,1322809,8142533,1.589,0.2581,0,0,0.44951218644666485,0,-6.67861993642061,0,Normal,Verdadero Negativo
Brasil,BRA,2011,avicola,914462196,1252778,15083230,0.016,0.0014,0,0,0.4547304244110717,0,-5.953672559425155,0,Normal,Verdadero Negativo
Brasil,BRA,2011,ovino,7496430,33884,2383477,0.318,0.0045,0,0,0.47261322951263846,0,-5.8409641434676365,0,Normal,Verdadero Negativo
Brasil,BRA,2011,caprino,4990211,208726,557598,0.112,0.0418,0,0,0.4647165587657437,0,-5.506258275426513,0,Normal,Verdadero Negativo
Brasil,BRA,2012,bovino,31079507,3337336,8548155,0.275,0.1074,0,0,0.3974563614387951,0,-7.778428349053082,0,Normal,Verdadero Negativo
Brasil,BRA,2012,porcino,3105088,2191544,15184457,4.89,0.7058,1,0,0.4999739873566332,0,-6.176721015505367,0,Normal,Falso Negativo
Brasil,BRA,2012,avicola,172744608,165127,5994892,0.035,0.001,0,0,0.42497564637782165,0,-7.072291337239903,0,Normal,Verdadero Negativo
Brasil,BRA,2012,ovino,2808812,138823,321739,0.115,0.0494,0,0,0.44994567394061447,0,-5.494289689496311,0,Normal,Verdadero Negativo
Brasil,BRA,2012,caprino,14388965,85659,3242538,0.225,0.006,0,0,0.3933653901703867,0,-7.699964505648004,0,Normal,Verdadero Negativo
Brasil,BRA,2013,bovino,11386583,4897735,31323122,2.751,0.4301,1,1,0.5152347052136018,0,-4.76383868669725,0,Anomalía detectada,Verdadero Positivo
Brasil,BRA,2013,porcino,14532858,2647225,11481388,0.79,0.1822,0,0,0.45699731205682653,0,-5.274598128436653,0,Normal,Verdadero Negativo
Brasil,BRA,2013,avicola,136172425,482558,3406006,0.025,0.0035,0,0,0.4816410355139971,0,-5.336760816246002,0,Normal,Verdadero Negativo
Brasil,BRA,2013,ovino,1180055,336686,3151932,2.671,0.2853,1,1,0.5096818429664283,0,-5.352795033331503,0,Anomalía detectada,Verdadero Positivo
Brasil,BRA,2013,caprino,449935,230929,7820399,17.381,0.5132,1,1,0.6486509573625041,1,-2.6138690311480053,1,Anomalía detectada,Verdadero Positivo
Brasil,BRA,2014,bovino,32721335,4882737,16891881,0.516,0.1492,0,0,0.44469968330804516,0,-6.0139395789729155,0,Normal,Verdadero Negativo
Brasil,BRA,2014,porcino,6151243,1324049,2180655,0.355,0.2152,0,0,0.46884038822722107,0,-6.003408175343037,0,Normal,Verdadero Negativo
Brasil,BRA,2014,avicola,139760342,1712368,8372537,0.06,0.0123,0,0,0.452287208462855,0,-6.191256170076991,0,Normal,Verdadero Negativo
Brasil,BRA,2014,ovino,2235617,138811,3687746,1.65,0.0621,0,0,0.4689986221979843,0,-6.448489514543845,0,Normal,Verdadero Negativo
Brasil,BRA,2014,caprino,21773456,372869,1614606,0.074,0.0171,0,0,0.4397971670526123,0,-6.762608616584045,0,Normal,Verdadero Negativo
Brasil,BRA,2015,bovino,33814403,4227144,45949342,1.359,0.125,0,0,0.4320730963628988,0,-6.319719475645713,0,Normal,Verdadero Negativo
Brasil,BRA,2015,porcino,15850522,945458,1693290,0.107,0.0596,0,0,0.4114359411983178,0,-6.858733728561182,0,Normal,Verdadero Negativo
Brasil,BRA,2015,avicola,691496728,984198,7492516,0.011,0.0014,0,0,0.42030518726197624,0,-6.891865662070647,0,Normal,Verdadero Negativo
Brasil,BRA,2015,ovino,3244008,41810,5229989,1.612,0.0129,0,0,0.4395857839681118,0,-6.480292754460833,0,Normal,Verdadero Negativo
Brasil,BRA,2015,caprino,8807301,83576,1745102,0.198,0.0095,0,0,0.4123184333902201,0,-7.241561416298945,0,Normal,Verdadero Negativo
Brasil,BRA,2016,bovino,39643753,137142,36701662,0.926,0.0035,0,0,0.42181817389868276,0,-6.591218912998408,0,Normal,Verdadero Negativo
Brasil,BRA,2016,porcino,1456978,1017867,4607703,3.163,0.6986,1,0,0.49788983944562015,0,-6.423892676235711,0,Normal,Falso Negativo
Brasil,BRA,2016,avicola,688339581,1441941,2812946,0.004,0.0021,0,0,0.4496873507388551,0,-6.0698247875471365,0,Normal,Verdadero Negativo
Brasil,BRA,2016,ovino,15010858,26685,4957366,0.33,0.0018,0,0,0.4271109098869472,0,-6.332865639631003,0,Normal,Verdadero Negativo
Brasil,BRA,2016,caprino,13715218,12449,6377008,0.465,0.0009,0,0,0.44149219137222706,0,-5.57028055936871,0,Normal,Verdadero Negativo
Brasil,BRA,2017,bovino,31502213,1535338,42172020,1.339,0.0487,0,0,0.4339240035325583,0,-6.030357570789816,0,Normal,Verdadero Negativo
Brasil,BRA,2017,porcino,15738893,2457736,2438167,0.155,0.1562,0,0,0.4289912882492519,0,-5.548222179037576,0,Normal,Verdadero Negativo
Brasil,BRA,2017,avicola,964365302,480280,2077246,0.002,0.0005,0,0,0.4626990971739699,0,-5.039528898818449,0,Normal,Verdadero Negativo
Brasil,BRA,2017,ovino,12899350,255611,729177,0.057,0.0198,0,0,0.43451980546417235,0,-5.656959349485151,0,Normal,Verdadero Negativo
Brasil,BRA,2017,caprino,6846842,483714,1895139,0.277,0.0706,0,0,0.421058223457634,0,-6.652433357408004,0,Normal,Verdadero Negativo
Brasil,BRA,2018,bovino,8901456,2442841,57292829,6.436,0.2744,1,1,0.524236431332292,0,-4.763597329078214,0,Anomalía detectada,Verdadero Positivo
Brasil,BRA,2018,porcino,8686807,3242847,13480935,1.552,0.3733,0,0,0.45667177766259726,0,-6.207497196842121,0,Normal,Verdadero Negativo
Brasil,BRA,2018,avicola,931773863,2086755,26415623,0.028,0.0022,0,0,0.46073623023587784,0,-5.478962514281829,0,Normal,Verdadero Negativo
Brasil,BRA,2018,ovino,11853987,246854,2370726,0.2,0.0208,0,0,0.41189938622909233,0,-7.166007085545671,0,Normal,Verdadero Negativo
Brasil,BRA,2018,caprino,10566972,288870,6379526,0.604,0.0273,0,0,0.3967156485094676,0,-7.777183698261465,0,Normal,Verdadero Negativo
Brasil,BRA,2019,bovino,59649839,4033088,51257682,0.859,0.0676,0,0,0.4303979791877962,0,-5.949661281141426,0,Normal,Verdadero Negativo
Brasil,BRA,2019,porcino,8679562,3830924,17057750,1.965,0.4414,0,0,0.45689450521399516,0,-6.342266511565042,0,Normal,Verdadero Negativo
Brasil,BRA,2019,avicola,96442915,1632789,1371315,0.014,0.0169,0,0,0.454199540795388,0,-6.13704027760498,0,Normal,Verdadero Negativo
Brasil,BRA,2019,ovino,11924953,333479,1785262,0.15,0.028,0,0,0.393380998361699,0,-7.680749395937876,0,Normal,Verdadero Negativo
Brasil,BRA,2019,caprino,14153260,156664,4676965,0.33,0.0111,0,0,0.3823000469687275,0,-8.008210592007847,0,Normal,Verdadero Negativo
Brasil,BRA,2020,bovino,17017684,4199875,6006601,0.353,0.2468,0,0,0.4276230203573492,0,-7.4168890298445636,0,Normal,Verdadero Negativo
Brasil,BRA,2020,porcino,25626499,1897744,13551938,0.529,0.0741,0,0,0.409775360830931,0,-6.835905418009591,0,Normal,Verdadero Negativo
Brasil,BRA,2020,avicola,1055554399,2494051,20370183,0.019,0.0024,0,0,0.44361224374146696,0,-6.081124203106871,0,Normal,Verdadero Negativo
Brasil,BRA,2020,ovino,5482630,572988,11099383,2.024,0.1045,0,0,0.42001390772981434,0,-8.2179682499439,0,Normal,Verdadero Negativo
Brasil,BRA,2020,caprino,13345247,496236,7439367,0.557,0.0372,0,0,0.384829991727292,0,-8.786633005319306,0,Normal,Verdadero Negativo
Estados Unidos,USA,2011,bovino,44253016,1176302,36777085,0.831,0.0266,0,0,0.4672857919899931,0,-5.476847722040722,0,Normal,Verdadero Negativo
Estados Unidos,USA,2011,porcino,11330159,1713615,1953491,0.172,0.1512,0,0,0.4887848205181092,0,-5.106407366090628,0,Normal,Verdadero Negativo
Estados Unidos,USA,2011,avicola,566793685,1087148,10225715,0.018,0.0019,0,0,0.4761971448923463,0,-5.078137245357105,0,Normal,Verdadero Negativo
Estados Unidos,USA,2011,ovino,1529188,340910,1090983,0.713,0.2229,0,1,0.521668393320521,0,-4.914418205957284,0,Anomalía detectada,Falso Positivo
Estados Unidos,USA,2011,caprino,8103989,364637,9323782,1.151,0.045,0,0,0.4447385192710434,0,-6.2626478750640135,0,Normal,Verdadero Negativo
Estados Unidos,USA,2012,bovino,8195189,2527955,39887728,4.867,0.3085,1,0,0.502367897384979,0,-6.047021684675951,0,Normal,Falso Negativo
Estados Unidos,USA,2012,porcino,3196686,1122611,7602972,2.378,0.3512,0,0,0.4582594219165798,0,-7.3844707057514265,0,Normal,Verdadero Negativo
Estados Unidos,USA,2012,avicola,737757104,303605,13030978,0.018,0.0004,0,0,0.4403951104445617,0,-6.627212006935951,0,Normal,Verdadero Negativo
Estados Unidos,USA,2012,ovino,17563100,465206,7704857,0.439,0.0265,0,0,0.3873810147803216,0,-8.227531541619289,0,Normal,Verdadero Negativo
Estados Unidos,USA,2012,caprino,6517914,415359,7223955,1.108,0.0637,0,0,0.4031309853583813,0,-8.446664737609042,0,Normal,Verdadero Negativo
Estados Unidos,USA,2013,bovino,14558278,3459065,22559162,1.55,0.2376,0,0,0.442534978784925,0,-7.119889346612367,0,Normal,Verdadero Negativo
Estados Unidos,USA,2013,porcino,18478119,1089804,13495418,0.73,0.059,0,0,0.41148198346431525,0,-6.987014163560392,0,Normal,Verdadero Negativo
Estados Unidos,USA,2013,avicola,117437301,648875,15423146,0.131,0.0055,0,0,0.43404687685571686,0,-7.354168238497879,0,Normal,Verdadero Negativo
Estados Unidos,USA,2013,ovino,5314088,253222,3708148,0.698,0.0477,0,0,0.4083224968913944,0,-7.825397586103063,0,Normal,Verdadero Negativo
Estados Unidos,USA,2013,caprino,1050201,305357,6180954,5.885,0.2908,1,1,0.5085534309806693,0,-5.941672877072557,0,Anomalía detectada,Verdadero Positivo
Estados Unidos,USA,2014,bovino,23660505,3426476,14352552,0.607,0.1448,0,0,0.41306453220644634,0,-6.321422542744338,0,Normal,Verdadero Negativo
Estados Unidos,USA,2014,porcino,1264198,2954363,7561739,5.981,1.0,1,1,0.5617484983500389,0,-4.801016673598357,0,Anomalía detectada,Verdadero Positivo
Estados Unidos,USA,2014,avicola,656421051,450684,3653774,0.006,0.0007,0,0,0.44199032686020295,0,-5.580199551928686,0,Normal,Verdadero Negativo
Estados Unidos,USA,2014,ovino,10858846,255435,5999222,0.552,0.0235,0,0,0.3953360056042796,0,-6.836736766617855,0,Normal,Verdadero Negativo
Estados Unidos,USA,2014,caprino,14894742,452615,8727112,0.586,0.0304,0,0,0.3900645015991088,0,-7.149412149846567,0,Normal,Verdadero Negativo
Estados Unidos,USA,2015,bovino,22686562,1964347,8876415,0.391,0.0866,0,0,0.42319140178506354,0,-7.586807277194128,0,Normal,Verdadero Negativo
Estados Unidos,USA,2015,porcino,14937593,1540551,13187728,0.883,0.1031,0,0,0.42502051355020376,0,-6.761781751283471,0,Normal,Verdadero Negativo
Estados Unidos,USA,2015,avicola,229350254,891154,16124248,0.07,0.0039,0,0,0.44468129339269236,0,-6.911230450536654,0,Normal,Verdadero Negativo
Estados Unidos,USA,2015,ovino,22734251,461968,3527633,0.155,0.0203,0,0,0.40774401557873813,0,-7.656546100144849,0,Normal,Verdadero Negativo
Estados Unidos,USA,2015,caprino,15246135,197973,10023410,0.657,0.013,0,0,0.40232462289685544,0,-7.702902646934496,0,Normal,Verdadero Negativo
Estados Unidos,USA,2016,bovino,1996735,5697570,7454577,3.733,1.0,1,1,0.5751509507868159,1,-4.205512446031967,1,Anomalía detectada,Verdadero Positivo
Estados Unidos,USA,2016,porcino,20230934,2729012,2973311,0.147,0.1349,0,0,0.4495599272012926,0,-5.421729767674711,0,Normal,Verdadero Negativo
Estados Unidos,USA,2016,avicola,1105742771,2048597,32383520,0.029,0.0019,0,0,0.4683651056204838,1,-4.763448684392505,0,Normal,Verdadero Negativo
Estados Unidos,USA,2016,ovino,13925088,16230,10172576,0.731,0.0012,0,0,0.4700470666738447,0,-4.7638718359988115,0,Normal,Verdadero Negativo
Estados Unidos,USA,2016,caprino,20714980,564615,2472208,0.119,0.0273,0,0,0.432600522119787,0,-6.727171041543908,0,Normal,Verdadero Negativo
Estados Unidos,USA,2017,bovino,40205287,3008386,43026747,1.07,0.0748,0,0,0.4255386283271571,0,-6.29247541716611,0,Normal,Verdadero Negativo
Estados Unidos,USA,2017,porcino,16914234,679348,12066193,0.713,0.0402,0,0,0.40161941775512744,0,-6.694843317801802,0,Normal,Verdadero Negativo
Estados Unidos,USA,2017,avicola,601864405,294493,2152165,0.004,0.0005,0,0,0.45595262609189147,0,-5.846133354807018,0,Normal,Verdadero Negativo
Estados Unidos,USA,2017,ovino,8031589,285101,11720542,1.459,0.0355,0,0,0.4046190392608291,0,-7.364885874453904,0,Normal,Verdadero Negativo
Estados Unidos,USA,2017,caprino,17502517,162820,4980527,0.285,0.0093,0,0,0.39371732425340833,0,-7.602963276966972,0,Normal,Verdadero Negativo
Estados Unidos,USA,2018,bovino,62313452,6536095,34556489,0.555,0.1049,0,0,0.4513931312412512,0,-6.104423012388995,0,Normal,Verdadero Negativo
Estados Unidos,USA,2018,porcino,1176608,1541063,6372037,5.416,1.0,1,1,0.5531433456885171,1,-4.763336835100763,1,Anomalía detectada,Verdadero Positivo
Estados Unidos,USA,2018,avicola,1050230096,407154,27546638,0.026,0.0004,0,0,0.44794231893726333,0,-6.186406927150941,0,Normal,Verdadero Negativo
Estados Unidos,USA,2018,ovino,15931771,230488,6228175,0.391,0.0145,0,0,0.3968371143894246,0,-8.028555696628779,0,Normal,Verdadero Negativo
Estados Unidos,USA,2018,caprino,16563310,207145,5203650,0.314,0.0125,0,0,0.39630868510482686,0,-8.260878264013778,0,Normal,Verdadero Negativo
Estados Unidos,USA,2019,bovino,15120062,4606064,15205793,1.006,0.3046,0,0,0.46066964260548016,0,-6.193866695824063,0,Normal,Verdadero Negativo
Estados Unidos,USA,2019,porcino,6327440,2523929,8297423,1.311,0.3989,0,0,0.46858427178482104,0,-6.182066527565567,0,Normal,Verdadero Negativo
Estados Unidos,USA,2019,avicola,1160844110,1895478,30802054,0.027,0.0016,0,0,0.46090051231262136,0,-4.961541254649483,0,Normal,Verdadero Negativo
Estados Unidos,USA,2019,ovino,14780573,577189,2730052,0.185,0.0391,0,0,0.417088951871711,0,-7.007051747419825,0,Normal,Verdadero Negativo
Estados Unidos,USA,2019,caprino,4341061,63882,461448,0.106,0.0147,0,0,0.4754853873396568,0,-5.390760099560466,0,Normal,Verdadero Negativo
Estados Unidos,USA,2020,bovino,33269089,1069815,35831415,1.077,0.0322,0,0,0.4231454633252768,0,-6.322857976228752,0,Normal,Verdadero Negativo
Estados Unidos,USA,2020,porcino,2352460,4277877,7910707,3.363,1.0,1,1,0.5472668444874197,1,-4.469003440173339,1,Anomalía detectada,Verdadero Positivo
Estados Unidos,USA,2020,avicola,256996172,638186,30444070,0.118,0.0025,0,0,0.4552458644881175,0,-5.84666395702916,0,Normal,Verdadero Negativo
Estados Unidos,USA,2020,ovino,20230809,102487,12573454,0.622,0.0051,0,0,0.4229537819286903,0,-6.427989628497936,0,Normal,Verdadero Negativo
Estados Unidos,USA,2020,caprino,12909968,460198,8614636,0.667,0.0356,0,0,0.4021769463470994,0,-7.431654487443139,0,Normal,Verdadero Negativo
India,IND,2011,bovino,44219668,3366010,20006981,0.452,0.0761,0,0,0.4149684289823389,0,-6.931136272197547,0,Normal,Verdadero Negativo
India,IND,2011,porcino,9780000,1449315,15196555,1.554,0.1482,0,0,0.42375428586831804,0,-6.617711374439707,0,Normal,Verdadero Negativo
India,IND,2011,avicola,974372621,966725,23519297,0.024,0.001,0,0,0.43539382907548435,0,-6.051997573927977,0,Normal,Verdadero Negativo
India,IND,2011,ovino,13830889,21924,535342,0.039,0.0016,0,0,0.4712687380792159,0,-5.270888122488237,0,Normal,Verdadero Negativo
India,IND,2011,caprino,13084726,462479,9136151,0.698,0.0353,0,0,0.38671902035418726,0,-8.027049909908055,0,Normal,Verdadero Negativo
India,IND,2012,bovino,45447509,2988376,43395709,0.955,0.0658,0,0,0.46693906351140346,0,-5.336988540597213,0,Normal,Verdadero Negativo
India,IND,2012,porcino,8502644,2399373,6974218,0.82,0.2822,0,0,0.4644664567368478,0,-5.688287006652183,0,Normal,Verdadero Negativo
India,IND,2012,avicola,670428088,894780,27865182,0.042,0.0013,0,0,0.4790120680172758,0,-5.0939241737921614,0,Normal,Verdadero Negativo
India,IND,2012,ovino,21367442,252780,7309528,0.342,0.0118,0,0,0.4268567259823294,0,-6.452675559877225,0,Normal,Verdadero Negativo
India,IND,2012,caprino,6071118,223420,5614947,0.925,0.0368,0,0,0.43214428401878774,0,-6.4954802187911795,0,Normal,Verdadero Negativo
India,IND,2013,bovino,31767986,2080129,9919546,0.312,0.0655,0,0,0.39247872349572893,0,-8.182387652600195,0,Normal,Verdadero Negativo
India,IND,2013,porcino,21912672,1924622,16158310,0.737,0.0878,0,0,0.40535004775285927,0,-6.844909722531225,0,Normal,Verdadero Negativo
India,IND,2013,avicola,1041585569,682656,30759724,0.03,0.0007,0,0,0.42974400477717806,0,-6.304466155624111,0,Normal,Verdadero Negativo
India,IND,2013,ovino,10285276,105832,1575457,0.153,0.0103,0,0,0.40316247851605985,0,-7.710969190432255,0,Normal,Verdadero Negativo
India,IND,2013,caprino,413904,316918,2525842,6.102,0.7657,1,1,0.5434457291944477,0,-5.228750662740611,0,Anomalía detectada,Verdadero Positivo
India,IND,2014,bovino,45044678,4283533,24771058,0.55,0.0951,0,0,0.40288038058823,0,-6.942413528262228,0,Normal,Verdadero Negativo
India,IND,2014,porcino,5370427,2204066,12263356,2.283,0.4104,0,0,0.4359807970392471,0,-7.1400684850714455,0,Normal,Verdadero Negativo
India,IND,2014,avicola,426677570,543663,10008970,0.023,0.0013,0,0,0.40339620893286315,0,-7.277290404634805,0,Normal,Verdadero Negativo
India,IND,2014,ovino,8723956,187120,10577948,1.213,0.0214,0,0,0.3826660605939659,0,-7.813220175166415,0,Normal,Verdadero Negativo
India,IND,2014,caprino,12698870,407677,965290,0.076,0.0321,0,0,0.39670441963738706,0,-7.418283648004245,0,Normal,Verdadero Negativo
India,IND,2015,bovino,13263507,304076,39624746,2.988,0.0229,1,0,0.44431719805296,0,-6.578148189471254,0,Normal,Falso Negativo
India,IND,2015,porcino,4611350,548487,2876326,0.624,0.1189,0,0,0.40407755758853336,0,-7.280515233575023,0,Normal,Verdadero Negativo
India,IND,2015,avicola,893475324,444893,3821793,0.004,0.0005,0,0,0.42914552630185737,0,-6.485484277987132,0,Normal,Verdadero Negativo
India,IND,2015,ovino,12630970,501574,3723165,0.295,0.0397,0,0,0.3751129660753632,0,-8.067314199387685,0,Normal,Verdadero Negativo
India,IND,2015,caprino,15335308,391621,6533970,0.426,0.0255,0,0,0.37276179847403884,0,-8.452046072653356,0,Normal,Verdadero Negativo
India,IND,2016,bovino,44631079,716521,30294176,0.679,0.0161,0,0,0.42349939672055303,0,-7.302432938885934,0,Normal,Verdadero Negativo
India,IND,2016,porcino,13675088,3420964,10005527,0.732,0.2502,0,0,0.4449197184150464,0,-6.4328118434931385,0,Normal,Verdadero Negativo
India,IND,2016,avicola,250202005,936694,1727938,0.007,0.0037,0,0,0.47127679833946506,0,-6.042906265361002,0,Normal,Verdadero Negativo
India,IND,2016,ovino,17773713,312851,584519,0.033,0.0176,0,0,0.4434195970079455,0,-6.078809933992331,0,Normal,Verdadero Negativo
India,IND,2016,caprino,10255981,165843,8228054,0.802,0.0162,0,0,0.40796278933858565,0,-7.711427612879348,0,Normal,Verdadero Negativo
India,IND,2017,bovino,42062898,2551888,16283278,0.387,0.0607,0,0,0.4067499691945994,0,-7.477030843860568,0,Normal,Verdadero Negativo
India,IND,2017,porcino,20630566,219468,10258016,0.497,0.0106,0,0,0.4069224358033661,0,-7.062491116442509,0,Normal,Verdadero Negativo
India,IND,2017,avicola,151281115,508890,12173519,0.08,0.0034,0,0,0.4241422927468216,0,-7.500623545282542,0,Normal,Verdadero Negativo
India,IND,2017,ovino,7096270,19812,2347451,0.331,0.0028,0,0,0.4515921046322804,0,-6.147113388983096,0,Normal,Verdadero Negativo
India,IND,2017,caprino,4118508,139248,7839121,1.903,0.0338,0,0,0.43294076301725365,0,-7.752997152339405,0,Normal,Verdadero Negativo
India,IND,2018,bovino,9239066,3830992,41664448,4.51,0.4147,1,1,0.5778812423873607,1,-3.53209777096399,1,Anomalía detectada,Verdadero Positivo
India,IND,2018,porcino,24602694,2769435,13066256,0.531,0.1126,0,0,0.5023381993298361,1,-4.176271640454597,0,Normal,Verdadero Negativo
India,IND,2018,avicola,930468595,473852,8814839,0.009,0.0005,0,1,0.5179337100115589,1,-3.7739621835169723,1,Anomalía detectada,Falso Positivo
India,IND,2018,ovino,12535761,278904,13078385,1.043,0.0222,0,0,0.4862909230774443,1,-4.707800534885145,0,Normal,Verdadero Negativo
India,IND,2018,caprino,28490764,242676,5121745,0.18,0.0085,0,0,0.4844719892371408,1,-4.7634866699328215,0,Normal,Verdadero Negativo
India,IND,2019,bovino,40944219,4473598,35724156,0.873,0.1093,0,0,0.4921258772776089,0,-5.607571770625046,0,Normal,Verdadero Negativo
India,IND,2019,porcino,8588900,1283465,9781187,1.139,0.1494,0,0,0.47365584356251317,0,-6.206203782458968,0,Normal,Verdadero Negativo
India,IND,2019,avicola,491424527,1192330,9179686,0.019,0.0024,0,0,0.48786173664443544,0,-5.755824727702427,0,Normal,Verdadero Negativo
India,IND,2019,ovino,13958356,527126,1305429,0.094,0.0378,0,0,0.4708223054735532,0,-6.025594171545666,0,Normal,Verdadero Negativo
India,IND,2019,caprino,1278546,295205,10751177,8.409,0.2309,1,1,0.5838492521443859,1,-3.9980199739908957,1,Anomalía detectada,Verdadero Positivo
India,IND,2020,bovino,36812893,3989400,2667704,0.072,0.1084,0,0,0.4472002858664394,0,-6.0627555388326755,0,Normal,Verdadero Negativo
India,IND,2020,porcino,10560475,1772274,12836822,1.216,0.1678,0,0,0.4275432575913574,0,-6.427195716238353,0,Normal,Verdadero Negativo
India,IND,2020,avicola,341737788,326136,10624532,0.031,0.001,0,0,0.4401107107906083,0,-6.480393911119662,0,Normal,Verdadero Negativo
India,IND,2020,ovino,11169231,72234,4791443,0.429,0.0065,0,0,0.42461153149001274,0,-6.734729979258192,0,Normal,Verdadero Negativo
India,IND,2020,caprino,10211307,347850,5340943,0.523,0.0341,0,0,0.39636237589922535,0,-7.651658722167631,0,Normal,Verdadero Negativo
China,CHN,2011,bovino,38481774,2705240,38096629,0.99,0.0703,0,0,0.3982056468181232,0,-6.494102835950789,0,Normal,Verdadero Negativo
China,CHN,2011,porcino,10185877,2668509,4128351,0.405,0.262,0,0,0.4024061990552199,0,-6.799817876358326,0,Normal,Verdadero Negativo
China,CHN,2011,avicola,114870458,1314884,10641082,0.093,0.0114,0,0,0.4176143910844492,0,-7.1281229559740495,0,Normal,Verdadero Negativo
China,CHN,2011,ovino,2631739,314402,7374915,2.802,0.1195,1,0,0.4263215086735581,0,-7.388018142267686,0,Normal,Falso Negativo
China,CHN,2011,caprino,14563259,170557,5437213,0.373,0.0117,0,0,0.3786653310532951,0,-7.9173425585191115,0,Normal,Verdadero Negativo
China,CHN,2012,bovino,4415201,4273360,19785834,4.481,0.9679,1,1,0.5730815137814239,1,-3.9280780675496207,1,Anomalía detectada,Verdadero Positivo
China,CHN,2012,porcino,4872280,2088456,3521904,0.723,0.4286,0,0,0.49511044327997455,0,-4.763811900788572,0,Normal,Verdadero Negativo
China,CHN,2012,avicola,661902717,940030,9300256,0.014,0.0014,0,0,0.4802579431605774,0,-4.76357133961133,0,Normal,Verdadero Negativo
China,CHN,2012,ovino,10582695,15796,10742715,1.015,0.0015,0,1,0.5054713324641538,1,-3.9677476499691737,1,Anomalía detectada,Falso Positivo
China,CHN,2012,caprino,15007961,148770,6621332,0.441,0.0099,0,0,0.4487291388671762,0,-5.575816421270133,0,Normal,Verdadero Negativo
China,CHN,2013,bovino,34757122,4226636,41812179,1.203,0.1216,0,0,0.453633857622102,0,-5.0570402303014195,0,Normal,Verdadero Negativo
China,CHN,2013,porcino,18097061,555094,16045133,0.887,0.0307,0,0,0.4395781809682953,0,-5.3153746170190495,0,Normal,Verdadero Negativo
China,CHN,2013,avicola,782738771,736083,10284192,0.013,0.0009,0,0,0.4445703973450529,0,-5.276035383040262,0,Normal,Verdadero Negativo
China,CHN,2013,ovino,12891854,237721,10437967,0.81,0.0184,0,0,0.4186880057328406,0,-6.1793540118643575,0,Normal,Verdadero Negativo
China,CHN,2013,caprino,16664269,326904,6716863,0.403,0.0196,0,0,0.407929375977281,0,-6.645168150819104,0,Normal,Verdadero Negativo
China,CHN,2014,bovino,30965675,4116515,2914595,0.094,0.1329,0,0,0.47575930739653843,0,-5.484585793258284,0,Normal,Verdadero Negativo
China,CHN,2014,porcino,1029984,827419,2747028,2.667,0.8033,1,1,0.5533240499721163,1,-4.592639330753346,1,Anomalía detectada,Verdadero Positivo
China,CHN,2014,avicola,965405605,1607775,26381212,0.027,0.0017,0,0,0.4754061259884808,1,-4.763388151321336,0,Normal,Verdadero Negativo
China,CHN,2014,ovino,6665103,59175,7276107,1.092,0.0089,0,0,0.4644002898974432,0,-5.402967732772319,0,Normal,Verdadero Negativo
China,CHN,2014,caprino,17956013,7534,973525,0.054,0.0004,0,1,0.5060244537953005,1,-3.9827627240155863,1,Anomalía detectada,Falso Positivo
China,CHN,2015,bovino,3950550,994530,18985610,4.806,0.2517,1,1,0.5259308898512233,0,-5.442669511772985,0,Anomalía detectada,Verdadero Positivo
China,CHN,2015,porcino,12709883,1183136,11736029,0.923,0.0931,0,0,0.4558144464299534,0,-6.3779381284764,0,Normal,Verdadero Negativo
China,CHN,2015,avicola,140477930,1248538,15525083,0.111,0.0089,0,0,0.477858064240266,0,-6.556658767370285,0,Normal,Verdadero Negativo
China,CHN,2015,ovino,13232980,561624,12169740,0.92,0.0424,0,0,0.4396071119227456,0,-6.926521414212615,0,Normal,Verdadero Negativo
China,CHN,2015,caprino,15106328,367861,2336941,0.155,0.0244,0,0,0.453370537802271,0,-6.943821552358013,0,Normal,Verdadero Negativo
China,CHN,2016,bovino,16714625,4775750,32562729,1.948,0.2857,0,0,0.500649145132507,1,-4.763264841189071,0,Normal,Verdadero Negativo
China,CHN,2016,porcino,8582792,1232066,11412137,1.33,0.1436,0,0,0.4799685743398702,0,-4.857009830372201,0,Normal,Verdadero Negativo
China,CHN,2016,avicola,701387853,2162724,10663593,0.015,0.0031,0,0,0.49258543374822444,1,-4.511386172831304,0,Normal,Verdadero Negativo
China,CHN,2016,ovino,9220316,489415,1802987,0.196,0.0531,0,0,0.47267312603438816,0,-4.9965850742614135,0,Normal,Verdadero Negativo
China,CHN,2016,caprino,2236158,125606,4020932,1.798,0.0562,0,0,0.5010152775315253,0,-4.918914956765364,0,Normal,Verdadero Negativo
China,CHN,2017,bovino,25843801,1565944,22961287,0.888,0.0606,0,0,0.4546686700351793,0,-5.471189567932543,0,Normal,Verdadero Negativo
China,CHN,2017,porcino,18452853,2286298,15105593,0.819,0.1239,0,0,0.46230302474122054,0,-4.763796041010729,0,Normal,Verdadero Negativo
China,CHN,2017,avicola,401562934,1896318,19412640,0.048,0.0047,0,0,0.4854077981695906,1,-4.763434554299719,0,Normal,Verdadero Negativo
China,CHN,2017,ovino,16429538,58442,2208255,0.134,0.0036,0,0,0.4773835792790184,0,-4.882280543940319,0,Normal,Verdadero Negativo
China,CHN,2017,caprino,11763954,198902,8367460,0.711,0.0169,0,0,0.44362485874612817,0,-5.855032019355162,0,Normal,Verdadero Negativo
China,CHN,2018,bovino,26017093,1519213,27451684,1.055,0.0584,0,0,0.47044349123246915,0,-4.787980806453863,0,Normal,Verdadero Negativo
China,CHN,2018,porcino,9743528,2273217,10259214,1.053,0.2333,0,0,0.47773005049749306,0,-4.763602149221773,0,Normal,Verdadero Negativo
China,CHN,2018,avicola,638826321,2495709,5920277,0.009,0.0039,0,1,0.5130785770700811,1,-4.2426283182853854,1,Anomalía detectada,Falso Positivo
China,CHN,2018,ovino,7683794,12957,7409239,0.964,0.0017,0,0,0.5024828491595014,1,-3.550101170481427,0,Normal,Verdadero Negativo
China,CHN,2018,caprino,1107483,279491,9883972,8.925,0.2524,1,1,0.5738666496015808,1,-3.4077153762718586,1,Anomalía detectada,Verdadero Positivo
China,CHN,2019,bovino,17967138,995203,28594127,1.591,0.0554,0,0,0.4319508942635647,0,-7.010239873233048,0,Normal,Verdadero Negativo
China,CHN,2019,porcino,15878063,2535145,8880189,0.559,0.1597,0,0,0.4277584361897955,0,-6.803578064731799,0,Normal,Verdadero Negativo
China,CHN,2019,avicola,61226239,1081169,10696768,0.175,0.0177,0,0,0.4417819702406772,0,-7.160588050490221,0,Normal,Verdadero Negativo
China,CHN,2019,ovino,1602940,325616,6784641,4.233,0.2031,1,0,0.47990624150587147,0,-6.580126783026765,0,Normal,Falso Negativo
China,CHN,2019,caprino,7461075,251687,5507429,0.738,0.0337,0,0,0.4104417982944517,0,-7.671177730573197,0,Normal,Verdadero Negativo
China,CHN,2020,bovino,28892797,3725671,39548637,1.369,0.1289,0,0,0.49226817694587904,0,-4.763530967330915,0,Normal,Verdadero Negativo
China,CHN,2020,porcino,7851387,501878,3710497,0.473,0.0639,0,0,0.46447015047189294,0,-5.207121216076331,0,Normal,Verdadero Negativo
China,CHN,2020,avicola,948985962,172466,20025606,0.021,0.0002,0,0,0.5033048259308543,1,-4.763449657015539,0,Normal,Verdadero Negativo
China,CHN,2020,ovino,2167490,272429,4529238,2.09,0.1257,0,0,0.4979127815373056,0,-5.406983092452402,0,Normal,Verdadero Negativo
China,CHN,2020,caprino,13009814,200972,1718379,0.132,0.0154,0,0,0.46814724874175595,0,-5.49840218920429,0,Normal,Verdadero Negativo
Francia,FRA,2011,bovino,49077791,2380901,12914295,0.263,0.0485,0,0,0.42503494988586543,0,-6.505413742002292,0,Normal,Verdadero Negativo
Francia,FRA,2011,porcino,12522389,2852852,5488517,0.438,0.2278,0,0,0.44666559418315266,0,-5.712913663866315,0,Normal,Verdadero Negativo
Francia,FRA,2011,avicola,306056888,1617093,1089448,0.004,0.0053,0,0,0.4956834577683778,1,-4.763147230196315,0,Normal,Verdadero Negativo
Francia,FRA,2011,ovino,17473421,496202,8355699,0.478,0.0284,0,0,0.4059882616402701,0,-6.704154348178808,0,Normal,Verdadero Negativo
Francia,FRA,2011,caprino,7989589,93464,1254709,0.157,0.0117,0,0,0.4476771088404677,0,-5.782927153451391,0,Normal,Verdadero Negativo
Francia,FRA,2012,bovino,23756568,3946035,33507182,1.41,0.1661,0,0,0.4470907184337977,0,-6.141699043107256,0,Normal,Verdadero Negativo
Francia,FRA,2012,porcino,1300870,916435,5345671,4.109,0.7045,1,1,0.5286070814784174,0,-5.658432859318071,0,Anomalía detectada,Verdadero Positivo
Francia,FRA,2012,avicola,199246011,1647881,28657699,0.144,0.0083,0,0,0.44956500120061155,0,-6.170146870538771,0,Normal,Verdadero Negativo
Francia,FRA,2012,ovino,19192996,182141,9493749,0.495,0.0095,0,0,0.4094226596445142,0,-7.0108576952164166,0,Normal,Verdadero Negativo
Francia,FRA,2012,caprino,8990414,271981,923175,0.103,0.0303,0,0,0.43186295525563073,0,-6.5952085053334555,0,Normal,Verdadero Negativo
Francia,FRA,2013,bovino,40879817,2603572,37930751,0.928,0.0637,0,0,0.4527730964318109,0,-5.894400035414852,0,Normal,Verdadero Negativo
Francia,FRA,2013,porcino,5440027,495848,2186243,0.402,0.0911,0,0,0.4636122668527855,0,-6.2756978725609125,0,Normal,Verdadero Negativo
Francia,FRA,2013,avicola,826029478,839066,16894010,0.02,0.001,0,0,0.4651000553799148,0,-5.6862531310529105,0,Normal,Verdadero Negativo
Francia,FRA,2013,ovino,11740565,289148,8206300,0.699,0.0246,0,0,0.42421999088900103,0,-6.885675376395994,0,Normal,Verdadero Negativo
Francia,FRA,2013,caprino,15493182,12148,6035590,0.39,0.0008,0,0,0.4735874905063132,1,-4.763280005040291,0,Normal,Verdadero Negativo
Francia,FRA,2014,bovino,23293651,4374503,8529483,0.366,0.1878,0,0,0.4961986861292232,0,-5.919860892356369,0,Normal,Verdadero Negativo
Francia,FRA,2014,porcino,17243367,2677651,815503,0.047,0.1553,0,1,0.5305219924131824,0,-4.763847592144519,0,Anomalía detectada,Falso Positivo
Francia,FRA,2014,avicola,489619923,2101971,9303438,0.019,0.0043,0,1,0.507996280332177,0,-5.355496797923744,0,Anomalía detectada,Falso Positivo
Francia,FRA,2014,ovino,4747062,190055,611364,0.129,0.04,0,1,0.5059075906964712,1,-4.68819284822733,1,Anomalía detectada,Falso Positivo
Francia,FRA,2014,caprino,14133097,188510,1557061,0.11,0.0133,0,0,0.48090274172267927,0,-5.462412492408432,0,Normal,Verdadero Negativo
Francia,FRA,2015,bovino,30182916,1094275,49330777,1.634,0.0363,0,0,0.49046869049441894,1,-4.763067461234102,0,Normal,Verdadero Negativo
Francia,FRA,2015,porcino,15464061,2293556,3410747,0.221,0.1483,0,0,0.4665433477666544,0,-4.763580084598972,0,Normal,Verdadero Negativo
Francia,FRA,2015,avicola,757454111,862687,12566191,0.017,0.0011,0,0,0.4766219058078877,0,-4.814563496876275,0,Normal,Verdadero Negativo
Francia,FRA,2015,ovino,12889504,137436,3024484,0.235,0.0107,0,0,0.4568431411764395,0,-5.303625628170478,0,Normal,Verdadero Negativo
Francia,FRA,2015,caprino,18424813,392653,2277132,0.124,0.0213,0,0,0.4560961193382126,0,-5.640447963681632,0,Normal,Verdadero Negativo
Francia,FRA,2016,bovino,29281781,4460094,18899560,0.645,0.1523,0,0,0.47285678708568907,0,-5.380667652223338,0,Normal,Verdadero Negativo
Francia,FRA,2016,porcino,735377,2068083,11319421,15.393,1.0,1,1,0.6582549539617558,1,-2.4107017967624644,1,Anomalía detectada,Verdadero Positivo
Francia,FRA,2016,avicola,968124267,548832,24536101,0.025,0.0006,0,0,0.4849156113589764,0,-4.7635701313408365,0,Normal,Verdadero Negativo
Francia,FRA,2016,ovino,20421099,384206,5648807,0.277,0.0188,0,0,0.4388738495345897,0,-6.263251980331727,0,Normal,Verdadero Negativo
Francia,FRA,2016,caprino,2379499,455178,387896,0.163,0.1913,0,1,0.5108547933504916,1,-4.505081148153553,1,Anomalía detectada,Falso Positivo
Francia,FRA,2017,bovino,15738650,2448105,34107882,2.167,0.1555,0,0,0.44700037730125314,0,-6.175958126400204,0,Normal,Verdadero Negativo
Francia,FRA,2017,porcino,19446668,2053415,15070259,0.775,0.1056,0,0,0.4232325654521065,0,-5.8688736610796,0,Normal,Verdadero Negativo
Francia,FRA,2017,avicola,56330624,647391,5801164,0.103,0.0115,0,0,0.4459591650507565,0,-6.755780156006939,0,Normal,Verdadero Negativo
Francia,FRA,2017,ovino,11480229,500675,10239348,0.892,0.0436,0,0,0.40051389247905417,0,-7.039864991478992,0,Normal,Verdadero Negativo
Francia,FRA,2017,caprino,17582136,80413,4325324,0.246,0.0046,0,0,0.42146636325077214,0,-6.520343298369506,0,Normal,Verdadero Negativo
Francia,FRA,2018,bovino,12306341,3183829,13593236,1.105,0.2587,0,0,0.46426334464082153,0,-5.356397914900973,0,Normal,Verdadero Negativo
Francia,FRA,2018,porcino,15404279,1420286,17539519,1.139,0.0922,0,0,0.44803437036850485,0,-4.965463731992401,0,Normal,Verdadero Negativo
Francia,FRA,2018,avicola,603454803,1431516,20891172,0.035,0.0024,0,0,0.47539018189806287,0,-4.962492712106514,0,Normal,Verdadero Negativo
Francia,FRA,2018,ovino,3972256,562280,6139728,1.546,0.1416,0,0,0.4483677377444583,0,-5.807387552024396,0,Normal,Verdadero Negativo
Francia,FRA,2018,caprino,7801494,399913,7329637,0.94,0.0513,0,0,0.4251642976922785,0,-5.9855024047697984,0,Normal,Verdadero Negativo
Francia,FRA,2019,bovino,12226975,2038131,34219376,2.799,0.1667,1,0,0.4819865223334877,0,-5.657631296597802,0,Normal,Falso Negativo
Francia,FRA,2019,porcino,10679837,1389375,1950313,0.183,0.1301,0,0,0.45677406964194744,0,-5.067684212992053,0,Normal,Verdadero Negativo
Francia,FRA,2019,avicola,1172196283,1667659,19378590,0.017,0.0014,0,0,0.4721884674370533,0,-4.933074292416942,0,Normal,Verdadero Negativo
Francia,FRA,2019,ovino,11229835,368145,6587746,0.587,0.0328,0,0,0.42011244627946187,0,-6.278364039870011,0,Normal,Verdadero Negativo
Francia,FRA,2019,caprino,20307528,271262,6138098,0.302,0.0134,0,0,0.4200440884608661,0,-6.544113776839564,0,Normal,Verdadero Negativo
Francia,FRA,2020,bovino,53278108,3458186,33681627,0.632,0.0649,0,0,0.5041960952771877,0,-4.763856322713595,0,Normal,Verdadero Negativo
Francia,FRA,2020,porcino,21918155,3126195,1481502,0.068,0.1426,0,1,0.5340550436988908,1,-4.491537401843268,1,Anomalía detectada,Falso Positivo
Francia,FRA,2020,avicola,25557470,1486284,13160236,0.515,0.0582,0,0,0.5015908618816586,0,-5.065979014758333,0,Normal,Verdadero Negativo
Francia,FRA,2020,ovino,6728879,462322,7301927,1.085,0.0687,0,0,0.4736423444804552,0,-5.441653088083719,0,Normal,Verdadero Negativo
Francia,FRA,2020,caprino,24617921,344940,2818756,0.115,0.014,0,0,0.47989460483447655,0,-5.497612735279615,0,Normal,Verdadero Negativo
Alemania,DEU,2011,bovino,39274731,2531344,9528968,0.243,0.0645,0,0,0.474264824054572,0,-5.799377345535024,0,Normal,Verdadero Negativo
Alemania,DEU,2011,porcino,723122,2109350,14516598,20.075,1.0,1,1,0.6839983582439524,1,-1.6109577986959658,1,Anomalía detectada,Verdadero Positivo
Alemania,DEU,2011,avicola,548182757,1047901,28686563,0.052,0.0019,0,1,0.5112077672140503,1,-4.763342165215171,1,Anomalía detectada,Falso Positivo
Alemania,DEU,2011,ovino,1891487,147139,1902321,1.006,0.0778,0,1,0.5138834067452546,1,-4.7634575847709675,1,Anomalía detectada,Falso Positivo
Alemania,DEU,2011,caprino,3363638,441906,9717928,2.889,0.1314,1,0,0.5021500211637656,0,-5.457467801543033,0,Normal,Falso Negativo
Alemania,DEU,2012,bovino,24515202,591490,42452193,1.732,0.0241,0,0,0.4853681950947229,1,-4.763106112034819,0,Normal,Verdadero Negativo
Alemania,DEU,2012,porcino,2234119,941168,8980803,4.02,0.4213,1,1,0.5332247231147705,1,-4.439542376415006,1,Anomalía detectada,Verdadero Positivo
Alemania,DEU,2012,avicola,789110900,1128839,5528480,0.007,0.0014,0,0,0.5018373068538942,1,-4.50221062251843,0,Normal,Verdadero Negativo
Alemania,DEU,2012,ovino,5566398,172779,5643342,1.014,0.031,0,0,0.4588945648660989,0,-4.7643384554791135,0,Normal,Verdadero Negativo
Alemania,DEU,2012,caprino,260111,417204,3384674,13.012,1.0,1,1,0.6504261883683294,1,-2.5403799905670468,1,Anomalía detectada,Verdadero Positivo
Alemania,DEU,2013,bovino,994311,1322886,7439917,7.482,1.0,1,1,0.581272147028532,1,-3.8717795422624954,1,Anomalía detectada,Verdadero Positivo
Alemania,DEU,2013,porcino,4450975,2336057,1022690,0.23,0.5248,0,1,0.5132068054975668,1,-4.763520271084009,1,Anomalía detectada,Falso Positivo
Alemania,DEU,2013,avicola,544679970,1048639,3270529,0.006,0.0019,0,0,0.4674226171923055,0,-5.617903021096166,0,Normal,Verdadero Negativo
Alemania,DEU,2013,ovino,11292124,242398,3559147,0.315,0.0215,0,0,0.4199261231333771,0,-6.647613048700674,0,Normal,Verdadero Negativo
Alemania,DEU,2013,caprino,20700780,159189,8403465,0.406,0.0077,0,0,0.4276883118677479,0,-6.679995382325652,0,Normal,Verdadero Negativo
Alemania,DEU,2014,bovino,39366571,1005535,40552356,1.03,0.0255,0,0,0.4860934288019876,0,-5.254275981673076,0,Normal,Verdadero Negativo
Alemania,DEU,2014,porcino,5087133,2766746,4393680,0.864,0.5439,0,1,0.5378065645615053,1,-4.763322654916192,1,Anomalía detectada,Falso Positivo
Alemania,DEU,2014,avicola,778468389,1530102,18885354,0.024,0.002,0,0,0.4968133149449265,0,-4.8635988383003355,0,Normal,Verdadero Negativo
Alemania,DEU,2014,ovino,19443337,188835,2137751,0.11,0.0097,0,0,0.4743217564673543,0,-5.660795605449459,0,Normal,Verdadero Negativo
Alemania,DEU,2014,caprino,17086569,203491,4857626,0.284,0.0119,0,0,0.4613853654739168,0,-6.091072883850002,0,Normal,Verdadero Negativo
Alemania,DEU,2015,bovino,45560512,905516,28116487,0.617,0.0199,0,0,0.44195489620473244,0,-5.640010589831111,0,Normal,Verdadero Negativo
Alemania,DEU,2015,porcino,11024575,2221576,2770318,0.251,0.2015,0,0,0.4589029012084799,0,-5.204486153396462,0,Normal,Verdadero Negativo
Alemania,DEU,2015,avicola,11741221,1205461,10210228,0.87,0.1027,0,0,0.46563031494509244,0,-5.46606597232078,0,Normal,Verdadero Negativo
Alemania,DEU,2015,ovino,18862927,34476,7627896,0.404,0.0018,0,0,0.46060847057689647,0,-4.763620856507568,0,Normal,Verdadero Negativo
Alemania,DEU,2015,caprino,15701849,466203,7765847,0.495,0.0297,0,0,0.4211310688018807,0,-6.27076320907226,0,Normal,Verdadero Negativo
Alemania,DEU,2016,bovino,12842872,3370837,53467018,4.163,0.2625,1,1,0.5107867750485058,1,-4.763380236732245,1,Anomalía detectada,Verdadero Positivo
Alemania,DEU,2016,porcino,20654099,423527,3996253,0.193,0.0205,0,0,0.428343918665512,0,-5.588994717726615,0,Normal,Verdadero Negativo
Alemania,DEU,2016,avicola,425153894,1656098,28207078,0.066,0.0039,0,0,0.460301253939263,0,-5.288801207136591,0,Normal,Verdadero Negativo
Alemania,DEU,2016,ovino,15419804,378785,2441892,0.158,0.0246,0,0,0.42095821176595805,0,-5.997202843647149,0,Normal,Verdadero Negativo
Alemania,DEU,2016,caprino,13235900,633851,1612433,0.122,0.0479,0,0,0.4335318847684002,0,-5.8530283690420495,0,Normal,Verdadero Negativo
Alemania,DEU,2017,bovino,54326530,5038363,48639417,0.895,0.0927,0,1,0.5409227483249566,1,-4.763452081446097,1,Anomalía detectada,Falso Positivo
Alemania,DEU,2017,porcino,17285408,2826686,9195082,0.532,0.1635,0,0,0.49857093053877183,0,-4.9808313839399005,0,Normal,Verdadero Negativo
Alemania,DEU,2017,avicola,1033763967,1074294,28604130,0.028,0.001,0,1,0.5278352428910208,1,-4.68071909666798,1,Anomalía detectada,Falso Positivo
Alemania,DEU,2017,ovino,10532293,279638,6172229,0.586,0.0266,0,0,0.4721059351946102,0,-5.41450205685013,0,Normal,Verdadero Negativo
Alemania,DEU,2017,caprino,1013359,439889,2698094,2.663,0.4341,1,1,0.554744209092127,1,-4.709899580202668,1,Anomalía detectada,Verdadero Positivo
Alemania,DEU,2018,bovino,59271533,1221975,29503262,0.498,0.0206,0,0,0.41279818084481357,0,-6.613978978899182,0,Normal,Verdadero Negativo
Alemania,DEU,2018,porcino,10771906,692058,4364129,0.405,0.0642,0,0,0.4017899410361419,0,-6.8271388715329016,0,Normal,Verdadero Negativo
Alemania,DEU,2018,avicola,585956500,2388374,21395078,0.037,0.0041,0,0,0.4454652770627937,0,-5.71144947969566,0,Normal,Verdadero Negativo
Alemania,DEU,2018,ovino,1849422,283172,1756111,0.95,0.1531,0,0,0.44574646843875293,0,-6.809415231657749,0,Normal,Verdadero Negativo
Alemania,DEU,2018,caprino,2980709,282468,7620576,2.557,0.0948,1,0,0.433037605527744,0,-7.060827917158875,0,Normal,Falso Negativo
Alemania,DEU,2019,bovino,3298661,1673359,53065397,16.087,0.5073,1,1,0.6350347080519942,1,-3.1815891378675496,1,Anomalía detectada,Verdadero Positivo
Alemania,DEU,2019,porcino,5884961,3284005,11990648,2.038,0.558,0,0,0.4960240962392535,0,-5.221285552856451,0,Normal,Verdadero Negativo
Alemania,DEU,2019,avicola,232223711,692347,19223082,0.083,0.003,0,0,0.4584300398875541,0,-6.075330809759854,0,Normal,Verdadero Negativo
Alemania,DEU,2019,ovino,10589792,135231,3094126,0.292,0.0128,0,0,0.4330542320275032,0,-6.080213034470842,0,Normal,Verdadero Negativo
Alemania,DEU,2019,caprino,15668173,377929,2930376,0.187,0.0241,0,0,0.4215188610306803,0,-6.583438872058028,0,Normal,Verdadero Negativo
Alemania,DEU,2020,bovino,3984139,1299827,15823266,3.972,0.3263,1,0,0.4985611523986874,0,-5.799099177299085,0,Normal,Falso Negativo
Alemania,DEU,2020,porcino,15057312,2170709,12024898,0.799,0.1442,0,0,0.4395540369891844,0,-5.279693341113945,0,Normal,Verdadero Negativo
Alemania,DEU,2020,avicola,102930866,1071131,9491682,0.092,0.0104,0,0,0.4496114583784963,0,-5.801125299493826,0,Normal,Verdadero Negativo
Alemania,DEU,2020,ovino,21648144,322967,4361865,0.201,0.0149,0,0,0.4147574134525181,0,-6.26230297306491,0,Normal,Verdadero Negativo
Alemania,DEU,2020,caprino,20074723,336876,7655349,0.381,0.0168,0,0,0.40811285756719856,0,-6.521941104799755,0,Normal,Verdadero Negativo
Australia,AUS,2011,bovino,38875621,1218543,30754875,0.791,0.0313,0,0,0.4269253997543044,0,-6.94126868285101,0,Normal,Verdadero Negativo
Australia,AUS,2011,porcino,12929793,391468,9902784,0.766,0.0303,0,0,0.4208018422889673,0,-6.663441127686223,0,Normal,Verdadero Negativo
Australia,AUS,2011,avicola,830201717,1169419,10864451,0.013,0.0014,0,0,0.44811523978142026,0,-6.220257073720532,0,Normal,Verdadero Negativo
Australia,AUS,2011,ovino,16837117,126284,9197736,0.546,0.0075,0,0,0.4188709645177487,0,-6.967828672075202,0,Normal,Verdadero Negativo
Australia,AUS,2011,caprino,7622368,438804,4349133,0.571,0.0576,0,0,0.40916962089281583,0,-7.707681489369421,0,Normal,Verdadero Negativo
Australia,AUS,2012,bovino,26043395,645425,38374579,1.473,0.0248,0,0,0.5000801798374713,0,-5.386592147073932,0,Normal,Verdadero Negativo
Australia,AUS,2012,porcino,17939567,2673658,8922437,0.497,0.149,0,0,0.48824114188274753,0,-5.276521453658649,0,Normal,Verdadero Negativo
Australia,AUS,2012,avicola,704171920,231595,20448587,0.029,0.0003,0,1,0.5163766696377161,1,-4.763396605486883,1,Anomalía detectada,Falso Positivo
Australia,AUS,2012,ovino,3966817,326723,4748505,1.197,0.0824,0,0,0.4819796505565747,0,-5.835647058744122,0,Normal,Verdadero Negativo
Australia,AUS,2012,caprino,1119485,180065,4423615,3.951,0.1608,1,1,0.550785531814322,0,-4.763878244195189,0,Anomalía detectada,Verdadero Positivo
Australia,AUS,2013,bovino,5684516,1389210,26360107,4.637,0.2444,1,0,0.4841405882387299,0,-6.000453917509802,0,Normal,Falso Negativo
Australia,AUS,2013,porcino,2477307,1040338,8393909,3.388,0.4199,1,0,0.4771307866356015,0,-6.692730806789287,0,Normal,Falso Negativo
Australia,AUS,2013,avicola,661157605,2176658,23405444,0.035,0.0033,0,0,0.44877334898401405,0,-5.9510163319417035,0,Normal,Verdadero Negativo
Australia,AUS,2013,ovino,1319472,198816,7558334,5.728,0.1507,1,0,0.49927734267905266,0,-5.372144478020071,0,Normal,Falso Negativo
Australia,AUS,2013,caprino,3154478,538654,9314143,2.953,0.1708,1,0,0.4384388729064217,0,-7.3912951829458,0,Normal,Falso Negativo
Australia,AUS,2014,bovino,20371516,425594,36508894,1.792,0.0209,0,0,0.4687799527788614,0,-6.356421350905647,0,Normal,Verdadero Negativo
Australia,AUS,2014,porcino,12313548,1919392,8554951,0.695,0.1559,0,0,0.4426420040696802,0,-5.964573741794664,0,Normal,Verdadero Negativo
Australia,AUS,2014,avicola,847759038,1798570,8020234,0.009,0.0021,0,0,0.4754386830647638,0,-5.566026619494816,0,Normal,Verdadero Negativo
Australia,AUS,2014,ovino,2043665,20159,3633421,1.778,0.0099,0,1,0.5184701016764345,0,-4.763546601867848,0,Anomalía detectada,Falso Positivo
Australia,AUS,2014,caprino,13761901,390381,434583,0.032,0.0284,0,0,0.46582359251367816,0,-4.913664517303526,0,Normal,Verdadero Negativo
Australia,AUS,2015,bovino,4251998,3116345,45052217,10.596,0.7329,1,1,0.6121715629012162,1,-3.6527451639453448,1,Anomalía detectada,Verdadero Positivo
Australia,AUS,2015,porcino,13960332,2265123,2647936,0.19,0.1623,0,0,0.4724058471603582,0,-5.514902579318534,0,Normal,Verdadero Negativo
Australia,AUS,2015,avicola,162026322,2514203,27481019,0.17,0.0155,0,0,0.4872023653200846,0,-5.501257558579667,0,Normal,Verdadero Negativo
Australia,AUS,2015,ovino,13056105,199650,6172426,0.473,0.0153,0,0,0.434246235123505,0,-6.57955441393606,0,Normal,Verdadero Negativo
Australia,AUS,2015,caprino,2214059,144233,1825116,0.824,0.0651,0,0,0.4781662273673762,0,-5.843175453726457,0,Normal,Verdadero Negativo
Australia,AUS,2016,bovino,20685608,4476672,2546927,0.123,0.2164,0,0,0.44026443034445695,0,-6.8630023131394635,0,Normal,Verdadero Negativo
Australia,AUS,2016,porcino,8064669,307291,1620311,0.201,0.0381,0,0,0.4129950356190552,0,-7.041743189857711,0,Normal,Verdadero Negativo
Australia,AUS,2016,avicola,425919197,432088,9461056,0.022,0.001,0,0,0.4194541079686332,0,-7.3140294066020175,0,Normal,Verdadero Negativo
Australia,AUS,2016,ovino,15778136,429626,5621073,0.356,0.0272,0,0,0.37990340747162377,0,-8.338396933472904,0,Normal,Verdadero Negativo
Australia,AUS,2016,caprino,5136497,376593,9486829,1.847,0.0733,0,0,0.4091023913110765,0,-8.382229956371125,0,Normal,Verdadero Negativo
Australia,AUS,2017,bovino,43329090,667562,36041186,0.832,0.0154,0,0,0.41377680713431875,0,-7.804086458942322,0,Normal,Verdadero Negativo
Australia,AUS,2017,porcino,15337384,1258640,9761565,0.636,0.0821,0,0,0.397430537906451,0,-7.770113024951177,0,Normal,Verdadero Negativo
Australia,AUS,2017,avicola,396342807,1742152,19568803,0.049,0.0044,0,0,0.43162139372282743,0,-7.281400189531414,0,Normal,Verdadero Negativo
Australia,AUS,2017,ovino,8379014,285817,4663537,0.557,0.0341,0,0,0.387874684193614,0,-8.703967484274262,0,Normal,Verdadero Negativo
Australia,AUS,2017,caprino,18767821,277081,1036343,0.055,0.0148,0,0,0.4163442940641736,0,-7.961706849317567,0,Normal,Verdadero Negativo
Australia,AUS,2018,bovino,40271907,5819508,20664599,0.513,0.1445,0,0,0.46829896012859445,0,-5.668498565782324,0,Normal,Verdadero Negativo
Australia,AUS,2018,porcino,23123018,1371995,7221766,0.312,0.0593,0,0,0.4373242258633081,0,-5.97937451930182,0,Normal,Verdadero Negativo
Australia,AUS,2018,avicola,289619891,455392,17194491,0.059,0.0016,0,0,0.4588847178537214,0,-6.1984157991094575,0,Normal,Verdadero Negativo
Australia,AUS,2018,ovino,5887324,29114,9156928,1.555,0.0049,0,0,0.48382184010075374,0,-5.4695239119491275,0,Normal,Verdadero Negativo
Australia,AUS,2018,caprino,20672731,87819,11462853,0.554,0.0042,0,0,0.4382455842456996,0,-6.651886968759175,0,Normal,Verdadero Negativo
Australia,AUS,2019,bovino,26750881,3328945,29575509,1.106,0.1244,0,0,0.4280395178625703,0,-6.626953167345769,0,Normal,Verdadero Negativo
Australia,AUS,2019,porcino,4739540,498072,7364693,1.554,0.1051,0,0,0.4214077290978519,0,-7.116360504373512,0,Normal,Verdadero Negativo
Australia,AUS,2019,avicola,590190361,1626459,2331420,0.004,0.0028,0,0,0.4519774543518468,0,-5.856276516199137,0,Normal,Verdadero Negativo
Australia,AUS,2019,ovino,12318677,226076,3675137,0.298,0.0184,0,0,0.3958115538606117,0,-7.79096978832914,0,Normal,Verdadero Negativo
Australia,AUS,2019,caprino,5378567,302617,7788701,1.448,0.0563,0,0,0.408776037502469,0,-7.889659272899222,0,Normal,Verdadero Negativo
Australia,AUS,2020,bovino,30803432,448343,26701879,0.867,0.0146,0,0,0.43813622405386843,0,-7.279349911832864,0,Normal,Verdadero Negativo
Australia,AUS,2020,porcino,10518736,290792,8424856,0.801,0.0276,0,0,0.42912519873842603,0,-6.861872672410532,0,Normal,Verdadero Negativo
Australia,AUS,2020,avicola,940816632,1422173,21601921,0.023,0.0015,0,0,0.4633489943363077,0,-6.105288014141321,0,Normal,Verdadero Negativo
Australia,AUS,2020,ovino,2112175,460017,10077377,4.771,0.2178,1,0,0.4892819278688703,0,-6.4930810162162,0,Normal,Falso Negativo
Australia,AUS,2020,caprino,10673286,501074,8671797,0.812,0.0469,0,0,0.41697876907655945,0,-8.075221168040049,0,Normal,Verdadero Negativo
México,MEX,2011,bovino,49892382,4878514,26926028,0.54,0.0978,0,0,0.42879938011005425,0,-5.45003816825769,0,Normal,Verdadero Negativo
México,MEX,2011,porcino,8490586,652884,754470,0.089,0.0769,0,0,0.4510965059905913,0,-5.297622468350971,0,Normal,Verdadero Negativo
México,MEX,2011,avicola,770570208,709158,4063323,0.005,0.0009,0,0,0.44721852676481455,0,-5.42539769017633,0,Normal,Verdadero Negativo
México,MEX,2011,ovino,18402703,161317,9754966,0.53,0.0088,0,0,0.40650155870722593,0,-6.433489898776779,0,Normal,Verdadero Negativo
México,MEX,2011,caprino,9574694,201399,4452526,0.465,0.021,0,0,0.3969096495352325,0,-6.84978722796577,0,Normal,Verdadero Negativo
México,MEX,2012,bovino,44025923,161674,41229999,0.936,0.0037,0,0,0.4714803358759388,0,-5.19887574928765,0,Normal,Verdadero Negativo
México,MEX,2012,porcino,9609518,871067,8144003,0.847,0.0906,0,0,0.44210847044810747,0,-5.406204197170799,0,Normal,Verdadero Negativo
México,MEX,2012,avicola,457010701,114509,16076375,0.035,0.0003,0,0,0.489083681205132,0,-4.89783726159873,0,Normal,Verdadero Negativo
México,MEX,2012,ovino,11972191,254332,9348868,0.781,0.0212,0,0,0.4286460236471864,0,-5.85960925479697,0,Normal,Verdadero Negativo
México,MEX,2012,caprino,2191994,335860,5152170,2.35,0.1532,0,0,0.47284959986072145,0,-5.732881639645147,0,Normal,Verdadero Negativo
México,MEX,2013,bovino,37167970,2624985,29882788,0.804,0.0706,0,0,0.460575428160534,0,-5.230297841682762,0,Normal,Verdadero Negativo
México,MEX,2013,porcino,9444418,1149470,8513757,0.901,0.1217,0,0,0.4587674529580766,0,-5.344035595511572,0,Normal,Verdadero Negativo
México,MEX,2013,avicola,764628133,525615,6688551,0.009,0.0007,0,0,0.4804676726539013,0,-4.945407162337795,0,Normal,Verdadero Negativo
México,MEX,2013,ovino,1677364,124300,730171,0.435,0.0741,0,1,0.5260114912747279,1,-4.671575007285851,1,Anomalía detectada,Falso Positivo
México,MEX,2013,caprino,17166158,459221,9894362,0.576,0.0268,0,0,0.44249200427782204,0,-6.2709114239111265,0,Normal,Verdadero Negativo
México,MEX,2014,bovino,44470212,2287962,54249914,1.22,0.0514,0,0,0.436415847199236,0,-6.404174637320215,0,Normal,Verdadero Negativo
México,MEX,2014,porcino,11543100,2211073,11725684,1.016,0.1915,0,0,0.4133266733704116,0,-6.939543713598419,0,Normal,Verdadero Negativo
México,MEX,2014,avicola,238571653,785894,4396929,0.018,0.0033,0,0,0.42597011851694555,0,-7.23810926308305,0,Normal,Verdadero Negativo
México,MEX,2014,ovino,14739026,63466,1380400,0.094,0.0043,0,0,0.4273675745819563,0,-6.973173535582503,0,Normal,Verdadero Negativo
México,MEX,2014,caprino,10337339,286196,6663478,0.645,0.0277,0,0,0.3828569863672138,0,-8.319635878403753,0,Normal,Verdadero Negativo
México,MEX,2015,bovino,33103923,2709851,25608659,0.774,0.0819,0,0,0.42349223607459396,0,-5.694495459675574,0,Normal,Verdadero Negativo
México,MEX,2015,porcino,15525313,1856039,9060993,0.584,0.1195,0,0,0.41498511847977143,0,-5.715729831801355,0,Normal,Verdadero Negativo
México,MEX,2015,avicola,453097215,1221181,12207481,0.027,0.0027,0,0,0.43541741435013254,0,-5.533335215897937,0,Normal,Verdadero Negativo
México,MEX,2015,ovino,6769714,247007,6209637,0.917,0.0365,0,0,0.4077972289679989,0,-6.4407105032816085,0,Normal,Verdadero Negativo
México,MEX,2015,caprino,23799887,22003,4365527,0.183,0.0009,0,0,0.441691830638042,0,-5.262395359483939,0,Normal,Verdadero Negativo
México,MEX,2016,bovino,36681485,4484404,16032611,0.437,0.1223,0,0,0.48064362859994797,0,-4.763900326099237,0,Normal,Verdadero Negativo
México,MEX,2016,porcino,1505186,2697022,11978928,7.958,1.0,1,1,0.6174079969423049,1,-3.531203134983736,1,Anomalía detectada,Verdadero Positivo
México,MEX,2016,avicola,1079124244,1923692,4780847,0.004,0.0018,0,1,0.5044156450064211,1,-4.265625344602217,1,Anomalía detectada,Falso Positivo
México,MEX,2016,ovino,8751992,347778,11234636,1.284,0.0397,0,0,0.45448383239978535,0,-5.158541997680183,0,Normal,Verdadero Negativo
México,MEX,2016,caprino,17745141,362472,2689933,0.152,0.0204,0,0,0.4496687302873317,0,-5.5772044582475395,0,Normal,Verdadero Negativo
México,MEX,2017,bovino,40896815,540659,50802754,1.242,0.0132,0,0,0.4416279892941925,0,-6.494135753119007,0,Normal,Verdadero Negativo
México,MEX,2017,porcino,14631075,1367019,4797427,0.328,0.0934,0,0,0.40661545381054176,0,-6.998166971284468,0,Normal,Verdadero Negativo
México,MEX,2017,avicola,631807603,729784,9383470,0.015,0.0012,0,0,0.4283826946934668,0,-6.73395324362817,0,Normal,Verdadero Negativo
México,MEX,2017,ovino,15242549,157547,6726356,0.441,0.0103,0,0,0.4030902390061474,0,-7.518260567916801,0,Normal,Verdadero Negativo
México,MEX,2017,caprino,4867136,457052,9387469,1.929,0.0939,0,0,0.42315863599390974,0,-7.832538518737531,0,Normal,Verdadero Negativo
México,MEX,2018,bovino,32216048,3486832,43631341,1.354,0.1082,0,0,0.4570591614043907,0,-4.861672238812189,0,Normal,Verdadero Negativo
México,MEX,2018,porcino,15106652,3390061,10291894,0.681,0.2244,0,0,0.44502726983312807,0,-5.0066624189353535,0,Normal,Verdadero Negativo
México,MEX,2018,avicola,468145614,1694943,14589007,0.031,0.0036,0,0,0.45347203932292024,0,-5.157477730035327,0,Normal,Verdadero Negativo
México,MEX,2018,ovino,5573343,642456,5515348,0.99,0.1153,0,0,0.4248891661785188,0,-6.031277336087002,0,Normal,Verdadero Negativo
México,MEX,2018,caprino,16387548,427882,2886106,0.176,0.0261,0,0,0.4187484025203499,0,-5.94846973212867,0,Normal,Verdadero Negativo
México,MEX,2019,bovino,21874167,3148741,6987809,0.319,0.1439,0,0,0.4308366758119053,0,-6.396109432177624,0,Normal,Verdadero Negativo
México,MEX,2019,porcino,19875726,823048,11579502,0.583,0.0414,0,0,0.42085612720879706,0,-5.943050073621753,0,Normal,Verdadero Negativo
México,MEX,2019,avicola,1383812294,2512713,11169454,0.008,0.0018,0,0,0.4637872661828889,0,-5.057824781223147,0,Normal,Verdadero Negativo
México,MEX,2019,ovino,16614677,14273,2311333,0.139,0.0009,0,0,0.47195092029915714,1,-4.763492192705618,0,Normal,Verdadero Negativo
México,MEX,2019,caprino,24773930,501847,10599361,0.428,0.0203,0,0,0.40553487367729635,0,-7.106038814465541,0,Normal,Verdadero Negativo
México,MEX,2020,bovino,12535203,443969,3444995,0.275,0.0354,0,0,0.4481120917583529,0,-5.455031773655613,0,Normal,Verdadero Negativo
México,MEX,2020,porcino,4395374,976278,13616187,3.098,0.2221,1,0,0.4907451381470553,0,-5.046667544989922,0,Normal,Falso Negativo
México,MEX,2020,avicola,1035853533,958817,15917104,0.015,0.0009,0,0,0.47656206755603375,0,-4.763737112475883,0,Normal,Verdadero Negativo
México,MEX,2020,ovino,18180971,496996,5569344,0.306,0.0273,0,0,0.4306928504707213,0,-5.607915427287418,0,Normal,Verdadero Negativo
México,MEX,2020,caprino,4997828,224414,7103652,1.421,0.0449,0,0,0.44826353707589556,0,-5.554466393871633,0,Normal,Verdadero Negativo
Kenia,KEN,2011,bovino,44351801,998413,25974829,0.586,0.0225,0,0,0.4138036564427401,0,-6.4793813395857,0,Normal,Verdadero Negativo
Kenia,KEN,2011,porcino,14672435,2833354,8301858,0.566,0.1931,0,0,0.4224207715740943,0,-5.865465112326875,0,Normal,Verdadero Negativo
Kenia,KEN,2011,avicola,475099695,716154,26776851,0.056,0.0015,0,0,0.43970020652318764,0,-5.635378511104355,0,Normal,Verdadero Negativo
Kenia,KEN,2011,ovino,4768200,406730,10432192,2.188,0.0853,0,0,0.4281458129835719,0,-6.714971434925747,0,Normal,Verdadero Negativo
Kenia,KEN,2011,caprino,17511137,49983,235557,0.013,0.0029,0,0,0.4768584534904679,1,-4.668249596862071,0,Normal,Verdadero Negativo
Kenia,KEN,2012,bovino,25429307,3795870,29970474,1.179,0.1493,0,0,0.4888008698860117,0,-4.918580917411848,0,Normal,Verdadero Negativo
Kenia,KEN,2012,porcino,9887823,507247,4403899,0.445,0.0513,0,0,0.46155343327352233,0,-5.183434233186384,0,Normal,Verdadero Negativo
Kenia,KEN,2012,avicola,379295758,207856,20581555,0.054,0.0005,0,0,0.495596525534461,1,-4.763498719290853,0,Normal,Verdadero Negativo
Kenia,KEN,2012,ovino,17671443,308976,7258197,0.411,0.0175,0,0,0.44611039279434933,0,-5.74421507548042,0,Normal,Verdadero Negativo
Kenia,KEN,2012,caprino,14174966,188484,3389279,0.239,0.0133,0,0,0.4566157934711145,0,-5.758156670229861,0,Normal,Verdadero Negativo
Kenia,KEN,2013,bovino,3837167,1828274,42559055,11.091,0.4765,1,1,0.5943675905845139,1,-3.5933030692411614,1,Anomalía detectada,Verdadero Positivo
Kenia,KEN,2013,porcino,11733265,1249586,3164444,0.27,0.1065,0,0,0.4479620886315836,0,-4.977548317594158,0,Normal,Verdadero Negativo
Kenia,KEN,2013,avicola,291212806,1106003,15523451,0.053,0.0038,0,0,0.46035263112288377,0,-4.959092430847269,0,Normal,Verdadero Negativo
Kenia,KEN,2013,ovino,6620040,180468,5142789,0.777,0.0273,0,0,0.4409767556232105,0,-5.621859038114578,0,Normal,Verdadero Negativo
Kenia,KEN,2013,caprino,3502155,474980,4630981,1.322,0.1356,0,0,0.4528271038227157,0,-5.8694188666011895,0,Normal,Verdadero Negativo
Kenia,KEN,2014,bovino,16227233,5105433,3091945,0.191,0.3146,0,0,0.4985688022617951,1,-4.76338097424513,0,Normal,Verdadero Negativo
Kenia,KEN,2014,porcino,2111691,2722743,10969161,5.194,1.0,1,1,0.5852002599830912,1,-4.162602403898131,1,Anomalía detectada,Verdadero Positivo
Kenia,KEN,2014,avicola,9453129,1302869,33533413,3.547,0.1378,1,1,0.5454321558930865,0,-4.763790822549513,0,Anomalía detectada,Verdadero Positivo
Kenia,KEN,2014,ovino,12947802,115964,10069934,0.778,0.009,0,0,0.46207664048242475,0,-5.405223798166286,0,Normal,Verdadero Negativo
Kenia,KEN,2014,caprino,15014568,278817,7734279,0.515,0.0186,0,0,0.4499372635187961,0,-6.001855676502334,0,Normal,Verdadero Negativo
Kenia,KEN,2015,bovino,7790528,984647,17390832,2.232,0.1264,0,0,0.44025099982619814,0,-7.288304184239247,0,Normal,Verdadero Negativo
Kenia,KEN,2015,porcino,5810868,1447243,14581559,2.509,0.2491,1,0,0.45471252093515385,0,-6.6257996664406615,0,Normal,Falso Negativo
Kenia,KEN,2015,avicola,445975051,2090897,4278221,0.01,0.0047,0,0,0.45779710901967446,0,-6.356149563763564,0,Normal,Verdadero Negativo
Kenia,KEN,2015,ovino,7180758,369216,5340328,0.744,0.0514,0,0,0.4080931298641494,0,-7.750023415033973,0,Normal,Verdadero Negativo
Kenia,KEN,2015,caprino,12915344,171137,9946551,0.77,0.0133,0,0,0.4106096562589402,0,-7.486302339990968,0,Normal,Verdadero Negativo
Kenia,KEN,2016,bovino,7788965,3509494,10095317,1.296,0.4506,0,1,0.5625829916891161,1,-4.509417883909893,1,Anomalía detectada,Falso Positivo
Kenia,KEN,2016,porcino,22621320,1800224,4644960,0.205,0.0796,0,1,0.5228593423046078,0,-4.763832410076276,0,Anomalía detectada,Falso Positivo
Kenia,KEN,2016,avicola,639409699,1669975,19795076,0.031,0.0026,0,1,0.5476004085665485,1,-4.451087188275766,1,Anomalía detectada,Falso Positivo
Kenia,KEN,2016,ovino,329706,139100,10320932,31.303,0.4219,1,1,0.7091713284707915,1,-1.0247692343174677,1,Anomalía detectada,Verdadero Positivo
Kenia,KEN,2016,caprino,8034060,386667,4914781,0.612,0.0481,0,0,0.5015544688245624,0,-5.098938409474635,0,Normal,Verdadero Negativo
Kenia,KEN,2017,bovino,31067233,1501277,18506956,0.596,0.0483,0,1,0.5064669210577001,0,-4.810609162284543,0,Anomalía detectada,Falso Positivo
Kenia,KEN,2017,porcino,4294202,2798283,18379872,4.28,0.6516,1,1,0.6000400125153809,1,-3.6272176386478665,1,Anomalía detectada,Verdadero Positivo
Kenia,KEN,2017,avicola,207364604,95794,13980875,0.067,0.0005,0,1,0.5474786580615777,1,-4.464963237995124,1,Anomalía detectada,Falso Positivo
Kenia,KEN,2017,ovino,16608758,288062,2733472,0.165,0.0173,0,1,0.5125958510036662,0,-4.763860364810816,0,Anomalía detectada,Falso Positivo
Kenia,KEN,2017,caprino,8657816,318511,9651532,1.115,0.0368,0,0,0.501990043842973,0,-5.172879870177911,0,Normal,Verdadero Negativo
Kenia,KEN,2018,bovino,33099936,5577954,28675455,0.866,0.1685,0,0,0.4581284694814773,0,-5.296987647450348,0,Normal,Verdadero Negativo
Kenia,KEN,2018,porcino,11542424,3251143,9678221,0.838,0.2817,0,0,0.44985009452886254,0,-5.412334386489699,0,Normal,Verdadero Negativo
Kenia,KEN,2018,avicola,705059473,960069,21917369,0.031,0.0014,0,0,0.44971635199793575,0,-5.31496189028408,0,Normal,Verdadero Negativo
Kenia,KEN,2018,ovino,14681984,145005,3421962,0.233,0.0099,0,0,0.4257066023483082,0,-6.038725601366385,0,Normal,Verdadero Negativo
Kenia,KEN,2018,caprino,9483256,220205,5441078,0.574,0.0232,0,0,0.4145978295587447,0,-6.493744558726752,0,Normal,Verdadero Negativo
Kenia,KEN,2019,bovino,37260910,1289780,28283096,0.759,0.0346,0,0,0.4017639882542881,0,-7.5187355580316755,0,Normal,Verdadero Negativo
Kenia,KEN,2019,porcino,11006725,1601496,11153414,1.013,0.1455,0,0,0.40769083497688746,0,-7.158808489344979,0,Normal,Verdadero Negativo
Kenia,KEN,2019,avicola,1307361238,1536575,40245308,0.031,0.0012,0,0,0.4506179112018739,0,-5.566376290653933,0,Normal,Verdadero Negativo
Kenia,KEN,2019,ovino,13984497,271915,3431829,0.245,0.0194,0,0,0.39453593380023316,0,-8.035448412207998,0,Normal,Verdadero Negativo
Kenia,KEN,2019,caprino,7836886,234992,6035402,0.77,0.03,0,0,0.38936054342157017,0,-8.309093489814869,0,Normal,Verdadero Negativo
Kenia,KEN,2020,bovino,24424215,2416153,30784107,1.26,0.0989,0,0,0.41897034161439767,0,-6.641634831996709,0,Normal,Verdadero Negativo
Kenia,KEN,2020,porcino,15063113,1850694,7063841,0.469,0.1229,0,0,0.4064289279488746,0,-6.435794409633915,0,Normal,Verdadero Negativo
Kenia,KEN,2020,avicola,80941638,899065,23457934,0.29,0.0111,0,0,0.4387370118604852,0,-6.722149848232463,0,Normal,Verdadero Negativo
Kenia,KEN,2020,ovino,11637271,344027,879430,0.076,0.0296,0,0,0.422045985315952,0,-6.522365446158184,0,Normal,Verdadero Negativo
Kenia,KEN,2020,caprino,16418889,143988,3442955,0.21,0.0088,0,0,0.4041874179540508,0,-7.510654577541882,0,Normal,Verdadero Negativo
Nueva Zelanda,NZL,2011,bovino,43726295,992740,42338030,0.968,0.0227,0,0,0.3946347585319873,0,-7.189468181854178,0,Normal,Verdadero Negativo
Nueva Zelanda,NZL,2011,porcino,1250445,1748970,2083941,1.667,1.0,0,0,0.4978121592786172,1,-4.763206027504817,0,Normal,Verdadero Negativo
Nueva Zelanda,NZL,2011,avicola,370930726,867896,27629667,0.074,0.0023,0,0,0.40924665285503076,0,-6.854522727077741,0,Normal,Verdadero Negativo
Nueva Zelanda,NZL,2011,ovino,2168043,346536,8755123,4.038,0.1598,1,0,0.4357983828498099,0,-7.341815042408007,0,Normal,Falso Negativo
Nueva Zelanda,NZL,2011,caprino,18155978,109877,9157388,0.504,0.0061,0,0,0.37515953987497197,0,-8.01483014010844,0,Normal,Verdadero Negativo
Nueva Zelanda,NZL,2012,bovino,48690732,1954472,28461103,0.585,0.0401,0,0,0.3824301742173003,0,-7.4225417127938575,0,Normal,Verdadero Negativo
Nueva Zelanda,NZL,2012,porcino,9551861,169775,1193548,0.125,0.0178,0,0,0.40651591201391596,0,-6.8319909226924525,0,Normal,Verdadero Negativo
Nueva Zelanda,NZL,2012,avicola,836515670,1240921,4575169,0.005,0.0015,0,0,0.41278876225854605,0,-6.682440278721435,0,Normal,Verdadero Negativo
Nueva Zelanda,NZL,2012,ovino,16356553,27228,4860157,0.297,0.0017,0,0,0.39971769427217096,0,-6.682606370265518,0,Normal,Verdadero Negativo
Nueva Zelanda,NZL,2012,caprino,7496135,324365,4100601,0.547,0.0433,0,0,0.36385886618261726,0,-8.538556195445866,0,Normal,Verdadero Negativo
Nueva Zelanda,NZL,2013,bovino,10376632,3593380,10942137,1.054,0.3463,0,0,0.40320576135635583,0,-7.496554060949112,0,Normal,Verdadero Negativo
Nueva Zelanda,NZL,2013,porcino,9140682,436173,1705728,0.187,0.0477,0,0,0.39146754522618354,0,-7.252383115391176,0,Normal,Verdadero Negativo
Nueva Zelanda,NZL,2013,avicola,851530989,1727847,29155067,0.034,0.002,0,0,0.4163112395458791,0,-6.2272046084499415,0,Normal,Verdadero Negativo
Nueva Zelanda,NZL,2013,ovino,776033,13600,9817863,12.651,0.0175,1,1,0.5783267846164281,1,-2.7728133162873854,1,Anomalía detectada,Verdadero Positivo
Nueva Zelanda,NZL,2013,caprino,5712525,61174,11067510,1.937,0.0107,0,0,0.4084184516816633,0,-7.121043003106691,0,Normal,Verdadero Negativo
Nueva Zelanda,NZL,2014,bovino,14950465,2842273,31450643,2.104,0.1901,0,0,0.40891509247483976,0,-7.143631448799426,0,Normal,Verdadero Negativo
Nueva Zelanda,NZL,2014,porcino,1349763,1434847,5349533,3.963,1.0,1,1,0.5098445624015895,0,-5.600107779579466,0,Anomalía detectada,Verdadero Positivo
Nueva Zelanda,NZL,2014,avicola,117088147,709070,24943104,0.213,0.0061,0,0,0.4105704894801929,0,-7.280815071865643,0,Normal,Verdadero Negativo
Nueva Zelanda,NZL,2014,ovino,12462030,154908,1632002,0.131,0.0124,0,0,0.3863943158152569,0,-7.701042995131565,0,Normal,Verdadero Negativo
Nueva Zelanda,NZL,2014,caprino,13679248,299014,8206291,0.6,0.0219,0,0,0.3611131279754022,0,-8.571481530487176,0,Normal,Verdadero Negativo
Nueva Zelanda,NZL,2015,bovino,43809682,4113481,24249753,0.554,0.0939,0,0,0.3936578472091961,0,-7.077656982830619,0,Normal,Verdadero Negativo
Nueva Zelanda,NZL,2015,porcino,20243463,2063583,7958809,0.393,0.1019,0,0,0.38366162727842174,0,-7.119786155462099,0,Normal,Verdadero Negativo
Nueva Zelanda,NZL,2015,avicola,751837220,320131,15829623,0.021,0.0004,0,0,0.4072142648399682,0,-6.707490509003335,0,Normal,Verdadero Negativo
Nueva Zelanda,NZL,2015,ovino,936372,225648,4225001,4.512,0.241,1,0,0.4586953873354827,0,-6.738052877887203,0,Normal,Falso Negativo
Nueva Zelanda,NZL,2015,caprino,16313126,305196,5398588,0.331,0.0187,0,0,0.3615643607388154,0,-8.646261270942349,0,Normal,Verdadero Negativo
Nueva Zelanda,NZL,2016,bovino,41873820,727279,11959014,0.286,0.0174,0,0,0.38062414561367597,0,-8.389853666121777,0,Normal,Verdadero Negativo
Nueva Zelanda,NZL,2016,porcino,15549549,2377089,4309698,0.277,0.1529,0,0,0.38474423567727006,0,-7.175666279894077,0,Normal,Verdadero Negativo
Nueva Zelanda,NZL,2016,avicola,469298705,1506408,31494752,0.067,0.0032,0,0,0.41309200391171086,0,-6.508795600128165,0,Normal,Verdadero Negativo
Nueva Zelanda,NZL,2016,ovino,23260071,492652,1328416,0.057,0.0212,0,0,0.3860839875618196,0,-7.653268946340289,0,Normal,Verdadero Negativo
Nueva Zelanda,NZL,2016,caprino,10664646,276983,7231976,0.678,0.026,0,0,0.3620400557317275,0,-8.552519379419115,0,Normal,Verdadero Negativo
Nueva Zelanda,NZL,2017,bovino,3420532,2722901,1362130,0.398,0.796,0,0,0.4921794281481179,0,-4.763587851007115,0,Normal,Verdadero Negativo
Nueva Zelanda,NZL,2017,porcino,8301158,2714198,15268887,1.839,0.327,0,0,0.4116174302536254,0,-7.014609420589956,0,Normal,Verdadero Negativo
Nueva Zelanda,NZL,2017,avicola,524643766,738111,22323399,0.043,0.0014,0,0,0.4046685946595557,0,-6.879097878849453,0,Normal,Verdadero Negativo
Nueva Zelanda,NZL,2017,ovino,17698360,429210,9949049,0.562,0.0243,0,0,0.3641437481979684,0,-8.220567733891201,0,Normal,Verdadero Negativo
Nueva Zelanda,NZL,2017,caprino,3397706,595887,8843370,2.603,0.1754,1,0,0.4029982450541255,0,-8.335748306012192,0,Normal,Falso Negativo
Nueva Zelanda,NZL,2018,bovino,29853865,1273023,13528253,0.453,0.0426,0,0,0.3746721605214745,0,-8.218721850213566,0,Normal,Verdadero Negativo
Nueva Zelanda,NZL,2018,porcino,4980139,867454,4147777,0.833,0.1742,0,0,0.39387564331640035,0,-7.725160955983489,0,Normal,Verdadero Negativo
Nueva Zelanda,NZL,2018,avicola,138243050,204385,17114540,0.124,0.0015,0,0,0.4140958869119669,0,-7.148587118708949,0,Normal,Verdadero Negativo
Nueva Zelanda,NZL,2018,ovino,19004700,280381,9989431,0.526,0.0148,0,0,0.36597876984634614,0,-8.124262806964355,0,Normal,Verdadero Negativo
Nueva Zelanda,NZL,2018,caprino,531656,236716,10917417,20.535,0.4452,1,1,0.6140682843913275,1,-2.8748893421013975,1,Anomalía detectada,Verdadero Positivo
Nueva Zelanda,NZL,2019,bovino,71579778,3373583,61367267,0.857,0.0471,0,0,0.41948470826615764,0,-6.116012286616906,0,Normal,Verdadero Negativo
Nueva Zelanda,NZL,2019,porcino,17723870,2580516,2997531,0.169,0.1456,0,0,0.3927595647770677,0,-6.974921759917519,0,Normal,Verdadero Negativo
Nueva Zelanda,NZL,2019,avicola,775109869,2116125,10825214,0.014,0.0027,0,0,0.4093499642954929,0,-6.659774332150723,0,Normal,Verdadero Negativo
Nueva Zelanda,NZL,2019,ovino,14054937,311619,4849083,0.345,0.0222,0,0,0.361561867533527,0,-8.343707234047267,0,Normal,Verdadero Negativo
Nueva Zelanda,NZL,2019,caprino,6590627,459157,2195241,0.333,0.0697,0,0,0.379419871498308,0,-8.273793435181885,0,Normal,Verdadero Negativo
Nueva Zelanda,NZL,2020,bovino,45456706,3734940,26851487,0.591,0.0822,0,0,0.3900934269163672,0,-7.064570304650695,0,Normal,Verdadero Negativo
Nueva Zelanda,NZL,2020,porcino,16587468,388248,604945,0.036,0.0234,0,0,0.4158796867647186,0,-6.229877945526161,0,Normal,Verdadero Negativo
Nueva Zelanda,NZL,2020,avicola,176901287,452394,21216470,0.12,0.0026,0,0,0.41177116406989533,0,-7.277779434328993,0,Normal,Verdadero Negativo
Nueva Zelanda,NZL,2020,ovino,19521707,225791,1422878,0.073,0.0116,0,0,0.38568291995936593,0,-7.69687650982248,0,Normal,Verdadero Negativo
Nueva Zelanda,NZL,2020,caprino,25483676,110906,7620440,0.299,0.0044,0,0,0.37565647586600326,0,-8.087007216156746,0,Normal,Verdadero Negativo
España,ESP,2011,bovino,16155981,2941417,13917041,0.861,0.1821,0,0,0.3858657605087123,0,-7.792302513378012,0,Normal,Verdadero Negativo
España,ESP,2011,porcino,14820502,2555016,12753873,0.861,0.1724,0,0,0.38652001923322116,0,-6.9794009691408965,0,Normal,Verdadero Negativo
España,ESP,2011,avicola,702042313,1786060,15191189,0.022,0.0025,0,0,0.407154910563876,0,-6.72204549899399,0,Normal,Verdadero Negativo
España,ESP,2011,ovino,18602628,284440,3447862,0.185,0.0153,0,0,0.3704751721837079,0,-8.260285063180195,0,Normal,Verdadero Negativo
España,ESP,2011,caprino,5162355,58965,3729788,0.722,0.0114,0,0,0.3899870064212875,0,-7.430326264762235,0,Normal,Verdadero Negativo
España,ESP,2012,bovino,19441047,4982211,37590503,1.934,0.2563,0,0,0.42301365560861554,0,-6.52605034131996,0,Normal,Verdadero Negativo
España,ESP,2012,porcino,14273816,1587592,10861188,0.761,0.1112,0,0,0.37749360762193485,0,-7.236881899023144,0,Normal,Verdadero Negativo
España,ESP,2012,avicola,698995768,1501857,11308118,0.016,0.0021,0,0,0.4032857234780837,0,-6.884234134075293,0,Normal,Verdadero Negativo
España,ESP,2012,ovino,17064435,122869,155072,0.009,0.0072,0,0,0.44663577980981306,1,-4.7633861725934805,0,Normal,Verdadero Negativo
España,ESP,2012,caprino,7167598,51838,2506992,0.35,0.0072,0,0,0.39468505505458584,0,-7.299397814602919,0,Normal,Verdadero Negativo
España,ESP,2013,bovino,31890627,50460,4363183,0.137,0.0016,0,0,0.4016997232918968,0,-7.178148538147303,0,Normal,Verdadero Negativo
España,ESP,2013,porcino,15857025,1958832,12115303,0.764,0.1235,0,0,0.38149137084288887,0,-7.079889448131569,0,Normal,Verdadero Negativo
España,ESP,2013,avicola,314479595,1109189,25575321,0.081,0.0035,0,0,0.4068496083459552,0,-6.94722750866112,0,Normal,Verdadero Negativo
España,ESP,2013,ovino,20559081,230377,7165398,0.349,0.0112,0,0,0.3666647853432269,0,-8.188339669690576,0,Normal,Verdadero Negativo
España,ESP,2013,caprino,12040230,169560,8915734,0.74,0.0141,0,0,0.3666190215175511,0,-8.276372807806874,0,Normal,Verdadero Negativo
España,ESP,2014,bovino,7262938,2143949,50603829,6.967,0.2952,1,0,0.5031733270446168,0,-5.236989883522382,0,Normal,Falso Negativo
España,ESP,2014,porcino,5529362,2019761,10342916,1.871,0.3653,0,0,0.41576921387551785,0,-7.404230433991308,0,Normal,Verdadero Negativo
España,ESP,2014,avicola,834564578,1959315,10504333,0.013,0.0023,0,0,0.40990666495752104,0,-6.661791305925937,0,Normal,Verdadero Negativo
España,ESP,2014,ovino,18210513,462519,5764340,0.317,0.0254,0,0,0.3639574008158607,0,-8.377124031799138,0,Normal,Verdadero Negativo
España,ESP,2014,caprino,13920374,512348,6671578,0.479,0.0368,0,0,0.36107843747326784,0,-8.71602724391591,0,Normal,Verdadero Negativo
España,ESP,2015,bovino,14781866,4571270,25151739,1.702,0.3092,0,0,0.40818300779952404,0,-6.9422730926856975,0,Normal,Verdadero Negativo
España,ESP,2015,porcino,880955,945929,8127676,9.226,1.0,1,1,0.5634129670044092,1,-4.763508116374764,1,Anomalía detectada,Verdadero Positivo
España,ESP,2015,avicola,212082298,112742,20848351,0.098,0.0005,0,0,0.4290743553591323,0,-6.453772963081983,0,Normal,Verdadero Negativo
España,ESP,2015,ovino,3458994,520448,4698670,1.358,0.1505,0,0,0.3857711750611574,0,-8.3840864412794,0,Normal,Verdadero Negativo
España,ESP,2015,caprino,550709,366129,750684,1.363,0.6648,0,0,0.4952602240687154,0,-4.911573422788461,0,Normal,Verdadero Negativo
España,ESP,2016,bovino,52397727,4835114,56693210,1.082,0.0923,0,0,0.42411517985851904,0,-6.022465162629931,0,Normal,Verdadero Negativo
España,ESP,2016,porcino,12849256,3606594,1934206,0.151,0.2807,0,0,0.41856871634270787,0,-6.57251849964552,0,Normal,Verdadero Negativo
España,ESP,2016,avicola,1058397455,195894,35832870,0.034,0.0002,0,0,0.4329493701140393,0,-5.64965805246246,0,Normal,Verdadero Negativo
España,ESP,2016,ovino,17259168,352343,8412917,0.487,0.0204,0,0,0.36245843165069613,0,-8.264044101318149,0,Normal,Verdadero Negativo
España,ESP,2016,caprino,19763040,493796,11475444,0.581,0.025,0,0,0.36393068422494007,0,-8.546311431993768,0,Normal,Verdadero Negativo
España,ESP,2017,bovino,3338093,2950938,45783026,13.715,0.884,1,1,0.5929317772013326,1,-4.103207744219947,1,Anomalía detectada,Verdadero Positivo
España,ESP,2017,porcino,6870232,696169,2017042,0.294,0.1013,0,0,0.3921075734629016,0,-7.38391976170354,0,Normal,Verdadero Negativo
España,ESP,2017,avicola,981781460,378443,3110709,0.003,0.0004,0,0,0.4255351175786847,0,-6.3663266835851,0,Normal,Verdadero Negativo
España,ESP,2017,ovino,2132668,169066,9191028,4.31,0.0793,1,0,0.4441291673782085,0,-6.67826060865575,0,Normal,Falso Negativo
España,ESP,2017,caprino,6718225,356559,388573,0.058,0.0531,0,0,0.41380613840084524,0,-6.259594258768339,0,Normal,Verdadero Negativo
España,ESP,2018,bovino,62429420,3663200,39197647,0.628,0.0587,0,0,0.40106300990375676,0,-6.638865132737885,0,Normal,Verdadero Negativo
España,ESP,2018,porcino,3447533,500967,5026613,1.458,0.1453,0,0,0.3992496620274492,0,-7.676317953351705,0,Normal,Verdadero Negativo
España,ESP,2018,avicola,533771931,405005,25188999,0.047,0.0008,0,0,0.41252257652585955,0,-6.682615869901466,0,Normal,Verdadero Negativo
España,ESP,2018,ovino,6984307,283949,5646934,0.809,0.0407,0,0,0.3681587498661825,0,-8.286529145243549,0,Normal,Verdadero Negativo
España,ESP,2018,caprino,17254572,222713,156305,0.009,0.0129,0,0,0.4333252483478984,0,-4.890084575916163,0,Normal,Verdadero Negativo
España,ESP,2019,bovino,46059972,3568244,38511613,0.836,0.0775,0,0,0.3975977035234312,0,-6.7367095508743935,0,Normal,Verdadero Negativo
España,ESP,2019,porcino,2989696,2183262,7294050,2.44,0.7303,1,0,0.4623672931164644,0,-6.68145056828964,0,Normal,Falso Negativo
España,ESP,2019,avicola,1299498965,381827,9381977,0.007,0.0003,0,0,0.41265097241562576,0,-6.533286678651101,0,Normal,Verdadero Negativo
España,ESP,2019,ovino,8460124,230997,589201,0.07,0.0273,0,0,0.3993996125292246,0,-6.756956932351678,0,Normal,Verdadero Negativo
España,ESP,2019,caprino,446516,132802,7121221,15.948,0.2974,1,1,0.589843810313609,1,-4.132816405329837,1,Anomalía detectada,Verdadero Positivo
España,ESP,2020,bovino,50472337,2156785,10080837,0.2,0.0427,0,0,0.38099608574631,0,-8.007090469148856,0,Normal,Verdadero Negativo
España,ESP,2020,porcino,13165170,1297936,3469971,0.264,0.0986,0,0,0.38204799084774843,0,-7.412131584806678,0,Normal,Verdadero Negativo
España,ESP,2020,avicola,582761175,730468,14279694,0.025,0.0013,0,0,0.40067625495307,0,-7.076207131692493,0,Normal,Verdadero Negativo
España,ESP,2020,ovino,5898700,137149,3189508,0.541,0.0233,0,0,0.3814756580192076,0,-7.889736928495466,0,Normal,Verdadero Negativo
España,ESP,2020,caprino,9799877,138900,7365200,0.752,0.0142,0,0,0.36877518361337064,0,-8.192533455874997,0,Normal,Verdadero Negativo
