pais,cultivo,anio,rendimiento_real_t_ha,rendimiento_predicho_t_ha,error_absoluto_t_ha,error_relativo_pct,error_con_signo_t_ha,calidad_prediccion
Argentina,Soja,2011,2.22,2.6917,0.4717,21.25,0.4717,Aceptable (10–25%)
Argentina,Maíz,2011,8.45,6.4873,1.9627,23.23,-1.9627,Aceptable (10–25%)
Argentina,Cebada,2011,2.77,4.093,1.323,47.76,1.323,Mejorable (>25%)
Argentina,Té,2011,3.07,2.4452,0.6248,20.35,-0.6248,Aceptable (10–25%)
Argentina,Algodón,2011,1.18,2.2576,1.0776,91.32,1.0776,Mejorable (>25%)
Argentina,Girasol,2011,3.59,2.4632,1.1268,31.39,-1.1268,Mejorable (>25%)
Argentina,Café,2011,1.61,1.6452,0.0352,2.18,0.0352,Bueno (≤10%)
Argentina,Trigo,2011,5.25,4.5202,0.7298,13.9,-0.7298,Aceptable (10–25%)
Argentina,Soja,2012,3.26,3.2552,0.0048,0.15,-0.0048,Bueno (≤10%)
Argentina,Maíz,2012,5.4,5.5376,0.1376,2.55,0.1376,Bueno (≤10%)
Argentina,Cebada,2012,5.21,4.3721,0.8379,16.08,-0.8379,Aceptable (10–25%)
Argentina,Té,2012,1.84,2.0344,0.1944,10.57,0.1944,Aceptable (10–25%)
Argentina,Algodón,2012,3.14,3.0634,0.0766,2.44,-0.0766,Bueno (≤10%)
Argentina,Girasol,2012,2.32,2.272,0.048,2.07,-0.048,Bueno (≤10%)
Argentina,Café,2012,1.79,1.5553,0.2347,13.11,-0.2347,Aceptable (10–25%)
Argentina,Trigo,2012,8.67,4.9853,3.6847,42.5,-3.6847,Mejorable (>25%)
Argentina,Soja,2013,3.14,2.8081,0.3319,10.57,-0.3319,Aceptable (10–25%)
Argentina,Maíz,2013,4.09,5.5422,1.4522,35.51,1.4522,Mejorable (>25%)
Argentina,Cebada,2013,4.83,4.3268,0.5032,10.42,-0.5032,Aceptable (10–25%)
Argentina,Té,2013,2.53,2.1806,0.3494,13.81,-0.3494,Aceptable (10–25%)
Argentina,Algodón,2013,1.7,2.4517,0.7517,44.22,0.7517,Mejorable (>25%)
Argentina,Girasol,2013,1.41,2.0126,0.6026,42.74,0.6026,Mejorable (>25%)
Argentina,Café,2013,1.76,1.6842,0.0758,4.31,-0.0758,Bueno (≤10%)
Argentina,Trigo,2013,3.17,4.6195,1.4495,45.72,1.4495,Mejorable (>25%)
Argentina,Soja,2014,2.37,2.8418,0.4718,19.91,0.4718,Aceptable (10–25%)
Argentina,Maíz,2014,4.07,5.3108,1.2408,30.49,1.2408,Mejorable (>25%)
Argentina,Cebada,2014,3.35,4.133,0.783,23.37,0.783,Aceptable (10–25%)
Argentina,Té,2014,1.28,2.0607,0.7807,60.99,0.7807,Mejorable (>25%)
Argentina,Algodón,2014,2.44,2.6617,0.2217,9.08,0.2217,Bueno (≤10%)
Argentina,Girasol,2014,2.23,2.1102,0.1198,5.37,-0.1198,Bueno (≤10%)
Argentina,Café,2014,1.81,1.5934,0.2166,11.97,-0.2166,Aceptable (10–25%)
Argentina,Trigo,2014,3.05,4.2617,1.2117,39.73,1.2117,Mejorable (>25%)
Argentina,Soja,2015,3.97,2.9651,1.0049,25.31,-1.0049,Mejorable (>25%)
Argentina,Maíz,2015,5.98,6.0965,0.1165,1.95,0.1165,Bueno (≤10%)
Argentina,Cebada,2015,5.28,4.7618,0.5182,9.81,-0.5182,Bueno (≤10%)
Argentina,Té,2015,2.27,2.1021,0.1679,7.4,-0.1679,Bueno (≤10%)
Argentina,Algodón,2015,2.0,2.4021,0.4021,20.1,0.4021,Aceptable (10–25%)
Argentina,Girasol,2015,1.61,2.1501,0.5401,33.55,0.5401,Mejorable (>25%)
Argentina,Café,2015,2.24,1.7328,0.5072,22.64,-0.5072,Aceptable (10–25%)
Argentina,Trigo,2015,5.09,4.6253,0.4647,9.13,-0.4647,Bueno (≤10%)
Argentina,Soja,2016,2.89,3.0791,0.1891,6.54,0.1891,Bueno (≤10%)
Argentina,Maíz,2016,6.63,6.0403,0.5897,8.89,-0.5897,Bueno (≤10%)
Argentina,Cebada,2016,3.72,3.9904,0.2704,7.27,0.2704,Bueno (≤10%)
Argentina,Té,2016,2.24,2.2195,0.0205,0.91,-0.0205,Bueno (≤10%)
Argentina,Algodón,2016,4.68,3.2073,1.4727,31.47,-1.4727,Mejorable (>25%)
Argentina,Girasol,2016,3.11,2.4693,0.6407,20.6,-0.6407,Aceptable (10–25%)
Argentina,Café,2016,1.02,1.4354,0.4154,40.72,0.4154,Mejorable (>25%)
Argentina,Trigo,2016,3.44,3.9964,0.5564,16.17,0.5564,Aceptable (10–25%)
Argentina,Soja,2017,4.16,3.449,0.711,17.09,-0.711,Aceptable (10–25%)
Argentina,Maíz,2017,7.26,6.2122,1.0478,14.43,-1.0478,Aceptable (10–25%)
Argentina,Cebada,2017,4.48,4.4177,0.0623,1.39,-0.0623,Bueno (≤10%)
Argentina,Té,2017,2.42,2.0423,0.3777,15.61,-0.3777,Aceptable (10–25%)
Argentina,Algodón,2017,4.14,3.2767,0.8633,20.85,-0.8633,Aceptable (10–25%)
Argentina,Girasol,2017,1.88,2.2541,0.3741,19.9,0.3741,Aceptable (10–25%)
Argentina,Café,2017,1.73,1.7153,0.0147,0.85,-0.0147,Bueno (≤10%)
Argentina,Trigo,2017,4.28,4.697,0.417,9.74,0.417,Bueno (≤10%)
Argentina,Soja,2018,3.85,3.3245,0.5255,13.65,-0.5255,Aceptable (10–25%)
Argentina,Maíz,2018,3.78,5.4899,1.7099,45.24,1.7099,Mejorable (>25%)
Argentina,Cebada,2018,3.42,4.052,0.632,18.48,0.632,Aceptable (10–25%)
Argentina,Té,2018,2.48,2.1927,0.2873,11.58,-0.2873,Aceptable (10–25%)
Argentina,Algodón,2018,2.79,3.1299,0.3399,12.18,0.3399,Aceptable (10–25%)
Argentina,Girasol,2018,2.69,2.5058,0.1842,6.85,-0.1842,Bueno (≤10%)
Argentina,Café,2018,1.98,1.6096,0.3704,18.71,-0.3704,Aceptable (10–25%)
Argentina,Trigo,2018,3.56,4.4865,0.9265,26.03,0.9265,Mejorable (>25%)
Argentina,Soja,2019,3.14,3.1697,0.0297,0.95,0.0297,Bueno (≤10%)
Argentina,Maíz,2019,7.19,6.2419,0.9481,13.19,-0.9481,Aceptable (10–25%)
Argentina,Cebada,2019,6.66,4.5959,2.0641,30.99,-2.0641,Mejorable (>25%)
Argentina,Té,2019,1.79,2.0938,0.3038,16.97,0.3038,Aceptable (10–25%)
Argentina,Algodón,2019,4.71,3.2004,1.5096,32.05,-1.5096,Mejorable (>25%)
Argentina,Girasol,2019,1.8,2.0801,0.2801,15.56,0.2801,Aceptable (10–25%)
Argentina,Café,2019,1.23,1.6224,0.3924,31.9,0.3924,Mejorable (>25%)
Argentina,Trigo,2019,6.05,4.6537,1.3963,23.08,-1.3963,Aceptable (10–25%)
Argentina,Soja,2020,2.54,3.0421,0.5021,19.77,0.5021,Aceptable (10–25%)
Argentina,Maíz,2020,6.53,6.2508,0.2792,4.28,-0.2792,Bueno (≤10%)
Argentina,Cebada,2020,5.01,4.6631,0.3469,6.92,-0.3469,Bueno (≤10%)
Argentina,Té,2020,1.7,2.0182,0.3182,18.72,0.3182,Aceptable (10–25%)
Argentina,Algodón,2020,2.72,2.8346,0.1146,4.21,0.1146,Bueno (≤10%)
Argentina,Girasol,2020,1.48,2.0914,0.6114,41.31,0.6114,Mejorable (>25%)
Argentina,Café,2020,2.01,1.6262,0.3838,19.1,-0.3838,Aceptable (10–25%)
Argentina,Trigo,2020,7.19,5.7142,1.4758,20.53,-1.4758,Aceptable (10–25%)
Brasil,Arroz,2011,4.38,5.0713,0.6913,15.78,0.6913,Aceptable (10–25%)
Brasil,Soja,2011,3.3,3.6652,0.3652,11.07,0.3652,Aceptable (10–25%)
Brasil,Cebada,2011,4.45,4.6886,0.2386,5.36,0.2386,Bueno (≤10%)
Brasil,Té,2011,1.65,1.8053,0.1553,9.41,0.1553,Bueno (≤10%)
Brasil,Café,2011,1.11,1.2359,0.1259,11.34,0.1259,Aceptable (10–25%)
Brasil,Algodón,2011,3.76,2.8755,0.8845,23.52,-0.8845,Aceptable (10–25%)
Brasil,Caña de azúcar,2011,125.62,92.5506,33.0694,26.32,-33.0694,Mejorable (>25%)
Brasil,Girasol,2011,1.24,2.1914,0.9514,76.73,0.9514,Mejorable (>25%)
Brasil,Arroz,2012,6.75,5.8415,0.9085,13.46,-0.9085,Aceptable (10–25%)
Brasil,Soja,2012,3.11,3.6608,0.5508,17.71,0.5508,Aceptable (10–25%)
Brasil,Cebada,2012,2.92,4.0807,1.1607,39.75,1.1607,Mejorable (>25%)
Brasil,Té,2012,2.73,2.0882,0.6418,23.51,-0.6418,Aceptable (10–25%)
Brasil,Café,2012,2.19,1.7157,0.4743,21.66,-0.4743,Aceptable (10–25%)
Brasil,Algodón,2012,1.07,2.1384,1.0684,99.85,1.0684,Mejorable (>25%)
Brasil,Caña de azúcar,2012,105.94,87.8127,18.1273,17.11,-18.1273,Aceptable (10–25%)
Brasil,Girasol,2012,2.5,2.4124,0.0876,3.5,-0.0876,Bueno (≤10%)
Brasil,Arroz,2013,7.26,5.3376,1.9224,26.48,-1.9224,Mejorable (>25%)
Brasil,Soja,2013,4.59,4.0087,0.5813,12.66,-0.5813,Aceptable (10–25%)
Brasil,Cebada,2013,4.53,4.3788,0.1512,3.34,-0.1512,Bueno (≤10%)
Brasil,Té,2013,2.15,1.9747,0.1753,8.15,-0.1753,Bueno (≤10%)
Brasil,Café,2013,1.76,1.545,0.215,12.22,-0.215,Aceptable (10–25%)
Brasil,Algodón,2013,3.52,2.7792,0.7408,21.05,-0.7408,Aceptable (10–25%)
Brasil,Caña de azúcar,2013,52.04,77.7269,25.6869,49.36,25.6869,Mejorable (>25%)
Brasil,Girasol,2013,2.79,2.3247,0.4653,16.68,-0.4653,Aceptable (10–25%)
Brasil,Arroz,2014,4.07,5.3204,1.2504,30.72,1.2504,Mejorable (>25%)
Brasil,Soja,2014,2.93,3.5943,0.6643,22.67,0.6643,Aceptable (10–25%)
Brasil,Cebada,2014,3.8,4.4463,0.6463,17.01,0.6463,Aceptable (10–25%)
Brasil,Té,2014,2.02,1.908,0.112,5.55,-0.112,Bueno (≤10%)
Brasil,Café,2014,0.98,1.1966,0.2166,22.1,0.2166,Aceptable (10–25%)
Brasil,Algodón,2014,2.09,2.77,0.68,32.54,0.68,Mejorable (>25%)
Brasil,Caña de azúcar,2014,106.85,91.733,15.117,14.15,-15.117,Aceptable (10–25%)
Brasil,Girasol,2014,2.94,2.5194,0.4206,14.31,-0.4206,Aceptable (10–25%)
Brasil,Arroz,2015,4.81,5.3091,0.4991,10.38,0.4991,Aceptable (10–25%)
Brasil,Soja,2015,3.73,3.4399,0.2901,7.78,-0.2901,Bueno (≤10%)
Brasil,Cebada,2015,5.47,4.4147,1.0553,19.29,-1.0553,Aceptable (10–25%)
Brasil,Té,2015,1.19,1.7413,0.5513,46.33,0.5513,Mejorable (>25%)
Brasil,Café,2015,2.13,1.5367,0.5933,27.85,-0.5933,Mejorable (>25%)
Brasil,Algodón,2015,1.71,2.3744,0.6644,38.85,0.6644,Mejorable (>25%)
Brasil,Caña de azúcar,2015,104.64,91.724,12.916,12.34,-12.916,Aceptable (10–25%)
Brasil,Girasol,2015,2.06,2.1244,0.0644,3.12,0.0644,Bueno (≤10%)
Brasil,Arroz,2016,5.9,5.5181,0.3819,6.47,-0.3819,Bueno (≤10%)
Brasil,Soja,2016,4.4,3.9222,0.4778,10.86,-0.4778,Aceptable (10–25%)
Brasil,Cebada,2016,6.24,5.2012,1.0388,16.65,-1.0388,Aceptable (10–25%)
Brasil,Té,2016,2.2,1.9794,0.2206,10.03,-0.2206,Aceptable (10–25%)
Brasil,Café,2016,1.69,1.4817,0.2083,12.32,-0.2083,Aceptable (10–25%)
Brasil,Algodón,2016,3.24,2.722,0.518,15.99,-0.518,Aceptable (10–25%)
Brasil,Caña de azúcar,2016,118.44,92.4218,26.0182,21.97,-26.0182,Aceptable (10–25%)
Brasil,Girasol,2016,1.66,2.0325,0.3725,22.44,0.3725,Aceptable (10–25%)
Brasil,Arroz,2017,7.16,5.8238,1.3362,18.66,-1.3362,Aceptable (10–25%)
Brasil,Soja,2017,3.06,3.5216,0.4616,15.09,0.4616,Aceptable (10–25%)
Brasil,Cebada,2017,6.34,5.481,0.859,13.55,-0.859,Aceptable (10–25%)
Brasil,Té,2017,1.77,1.9069,0.1369,7.73,0.1369,Bueno (≤10%)
Brasil,Café,2017,1.94,1.5776,0.3624,18.68,-0.3624,Aceptable (10–25%)
Brasil,Algodón,2017,3.34,2.9984,0.3416,10.23,-0.3416,Aceptable (10–25%)
Brasil,Caña de azúcar,2017,60.54,83.7657,23.2257,38.36,23.2257,Mejorable (>25%)
Brasil,Girasol,2017,2.3,2.4364,0.1364,5.93,0.1364,Bueno (≤10%)
Brasil,Arroz,2018,3.82,4.5789,0.7589,19.87,0.7589,Aceptable (10–25%)
Brasil,Soja,2018,3.92,3.8685,0.0515,1.31,-0.0515,Bueno (≤10%)
Brasil,Cebada,2018,5.63,4.988,0.642,11.4,-0.642,Aceptable (10–25%)
Brasil,Té,2018,2.5,1.9472,0.5528,22.11,-0.5528,Aceptable (10–25%)
Brasil,Café,2018,1.11,1.4001,0.2901,26.13,0.2901,Mejorable (>25%)
Brasil,Algodón,2018,2.59,2.7883,0.1983,7.66,0.1983,Bueno (≤10%)
Brasil,Caña de azúcar,2018,71.46,85.3476,13.8876,19.43,13.8876,Aceptable (10–25%)
Brasil,Girasol,2018,2.33,2.408,0.078,3.35,0.078,Bueno (≤10%)
Brasil,Arroz,2019,6.23,5.2597,0.9703,15.57,-0.9703,Aceptable (10–25%)
Brasil,Soja,2019,3.53,3.5117,0.0183,0.52,-0.0183,Bueno (≤10%)
Brasil,Cebada,2019,5.15,4.4133,0.7367,14.31,-0.7367,Aceptable (10–25%)
Brasil,Té,2019,1.43,1.6992,0.2692,18.83,0.2692,Aceptable (10–25%)
Brasil,Café,2019,1.13,1.4521,0.3221,28.5,0.3221,Mejorable (>25%)
Brasil,Algodón,2019,4.12,3.0573,1.0627,25.79,-1.0627,Mejorable (>25%)
Brasil,Caña de azúcar,2019,114.04,95.345,18.695,16.39,-18.695,Aceptable (10–25%)
Brasil,Girasol,2019,4.02,2.5994,1.4206,35.34,-1.4206,Mejorable (>25%)
Brasil,Arroz,2020,4.89,5.334,0.444,9.08,0.444,Bueno (≤10%)
Brasil,Soja,2020,5.35,3.8405,1.5095,28.22,-1.5095,Mejorable (>25%)
Brasil,Cebada,2020,3.18,4.1377,0.9577,30.11,0.9577,Mejorable (>25%)
Brasil,Té,2020,1.83,1.6701,0.1599,8.74,-0.1599,Bueno (≤10%)
Brasil,Café,2020,1.21,1.3848,0.1748,14.45,0.1748,Aceptable (10–25%)
Brasil,Algodón,2020,3.39,2.8779,0.5121,15.11,-0.5121,Aceptable (10–25%)
Brasil,Caña de azúcar,2020,85.17,94.4098,9.2398,10.85,9.2398,Aceptable (10–25%)
Brasil,Girasol,2020,2.28,2.2466,0.0334,1.46,-0.0334,Bueno (≤10%)
Estados Unidos,Cebada,2011,3.45,4.0144,0.5644,16.36,0.5644,Aceptable (10–25%)
Estados Unidos,Arroz,2011,4.16,5.0347,0.8747,21.03,0.8747,Aceptable (10–25%)
Estados Unidos,Trigo,2011,4.59,4.4754,0.1146,2.5,-0.1146,Bueno (≤10%)
Estados Unidos,Algodón,2011,3.92,2.7732,1.1468,29.26,-1.1468,Mejorable (>25%)
Estados Unidos,Caña de azúcar,2011,72.26,81.1705,8.9105,12.33,8.9105,Aceptable (10–25%)
Estados Unidos,Girasol,2011,1.76,2.0061,0.2461,13.98,0.2461,Aceptable (10–25%)
Estados Unidos,Té,2011,1.15,1.5758,0.4258,37.02,0.4258,Mejorable (>25%)
Estados Unidos,Maíz,2011,10.04,7.2233,2.8167,28.05,-2.8167,Mejorable (>25%)
Estados Unidos,Cebada,2012,5.5,4.5037,0.9963,18.12,-0.9963,Aceptable (10–25%)
Estados Unidos,Arroz,2012,6.77,5.5177,1.2523,18.5,-1.2523,Aceptable (10–25%)
Estados Unidos,Trigo,2012,2.32,3.8542,1.5342,66.13,1.5342,Mejorable (>25%)
Estados Unidos,Algodón,2012,3.47,2.8523,0.6177,17.8,-0.6177,Aceptable (10–25%)
Estados Unidos,Caña de azúcar,2012,70.29,83.1943,12.9043,18.36,12.9043,Aceptable (10–25%)
Estados Unidos,Girasol,2012,3.02,2.4907,0.5293,17.53,-0.5293,Aceptable (10–25%)
Estados Unidos,Té,2012,1.7,1.7386,0.0386,2.27,0.0386,Bueno (≤10%)
Estados Unidos,Maíz,2012,7.85,7.2373,0.6127,7.81,-0.6127,Bueno (≤10%)
Estados Unidos,Cebada,2013,5.48,4.1899,1.2901,23.54,-1.2901,Aceptable (10–25%)
Estados Unidos,Arroz,2013,6.0,5.3741,0.6259,10.43,-0.6259,Aceptable (10–25%)
Estados Unidos,Trigo,2013,8.07,5.0831,2.9869,37.01,-2.9869,Mejorable (>25%)
Estados Unidos,Algodón,2013,1.78,2.3613,0.5813,32.66,0.5813,Mejorable (>25%)
Estados Unidos,Caña de azúcar,2013,97.1,82.3491,14.7509,15.19,-14.7509,Aceptable (10–25%)
Estados Unidos,Girasol,2013,1.59,2.0725,0.4825,30.35,0.4825,Mejorable (>25%)
Estados Unidos,Té,2013,1.92,1.7556,0.1644,8.56,-0.1644,Bueno (≤10%)
Estados Unidos,Maíz,2013,4.73,6.6571,1.9271,40.74,1.9271,Mejorable (>25%)
Estados Unidos,Cebada,2014,6.86,4.7106,2.1494,31.33,-2.1494,Mejorable (>25%)
Estados Unidos,Arroz,2014,6.44,5.801,0.639,9.92,-0.639,Bueno (≤10%)
Estados Unidos,Trigo,2014,8.29,5.6134,2.6766,32.29,-2.6766,Mejorable (>25%)
Estados Unidos,Algodón,2014,3.13,2.6779,0.4521,14.44,-0.4521,Aceptable (10–25%)
Estados Unidos,Caña de azúcar,2014,78.3,76.316,1.984,2.53,-1.984,Bueno (≤10%)
Estados Unidos,Girasol,2014,3.66,2.383,1.277,34.89,-1.277,Mejorable (>25%)
Estados Unidos,Té,2014,2.57,1.8592,0.7108,27.66,-0.7108,Mejorable (>25%)
Estados Unidos,Maíz,2014,7.53,6.8009,0.7291,9.68,-0.7291,Bueno (≤10%)
Estados Unidos,Cebada,2015,4.38,4.2497,0.1303,2.98,-0.1303,Bueno (≤10%)
Estados Unidos,Arroz,2015,5.84,5.4468,0.3932,6.73,-0.3932,Bueno (≤10%)
Estados Unidos,Trigo,2015,5.51,4.5583,0.9517,17.27,-0.9517,Aceptable (10–25%)
Estados Unidos,Algodón,2015,2.23,2.6111,0.3811,17.09,0.3811,Aceptable (10–25%)
Estados Unidos,Caña de azúcar,2015,91.6,87.5543,4.0457,4.42,-4.0457,Bueno (≤10%)
Estados Unidos,Girasol,2015,2.95,2.4766,0.4734,16.05,-0.4734,Aceptable (10–25%)
Estados Unidos,Té,2015,2.47,1.8336,0.6364,25.77,-0.6364,Mejorable (>25%)
Estados Unidos,Maíz,2015,11.0,7.7396,3.2604,29.64,-3.2604,Mejorable (>25%)
Estados Unidos,Cebada,2016,3.46,4.0532,0.5932,17.14,0.5932,Aceptable (10–25%)
Estados Unidos,Arroz,2016,8.18,6.4105,1.7695,21.63,-1.7695,Aceptable (10–25%)
Estados Unidos,Trigo,2016,4.37,4.3985,0.0285,0.65,0.0285,Bueno (≤10%)
Estados Unidos,Algodón,2016,2.14,2.834,0.694,32.43,0.694,Mejorable (>25%)
Estados Unidos,Caña de azúcar,2016,67.34,82.8004,15.4604,22.96,15.4604,Aceptable (10–25%)
Estados Unidos,Girasol,2016,1.67,2.2792,0.6092,36.48,0.6092,Mejorable (>25%)
Estados Unidos,Té,2016,0.96,1.5077,0.5477,57.06,0.5477,Mejorable (>25%)
Estados Unidos,Maíz,2016,8.79,6.8984,1.8916,21.52,-1.8916,Aceptable (10–25%)
Estados Unidos,Cebada,2017,3.74,4.0113,0.2713,7.25,0.2713,Bueno (≤10%)
Estados Unidos,Arroz,2017,5.13,5.5857,0.4557,8.88,0.4557,Bueno (≤10%)
Estados Unidos,Trigo,2017,3.08,3.9701,0.8901,28.9,0.8901,Mejorable (>25%)
Estados Unidos,Algodón,2017,3.3,3.1806,0.1194,3.62,-0.1194,Bueno (≤10%)
Estados Unidos,Caña de azúcar,2017,95.73,81.2406,14.4894,15.14,-14.4894,Aceptable (10–25%)
Estados Unidos,Girasol,2017,2.7,2.5059,0.1941,7.19,-0.1941,Bueno (≤10%)
Estados Unidos,Té,2017,1.94,1.7992,0.1408,7.26,-0.1408,Bueno (≤10%)
Estados Unidos,Maíz,2017,7.74,7.4631,0.2769,3.58,-0.2769,Bueno (≤10%)
Estados Unidos,Cebada,2018,4.48,4.1991,0.2809,6.27,-0.2809,Bueno (≤10%)
Estados Unidos,Arroz,2018,4.44,5.2542,0.8142,18.34,0.8142,Aceptable (10–25%)
Estados Unidos,Trigo,2018,3.5,4.1917,0.6917,19.76,0.6917,Aceptable (10–25%)
Estados Unidos,Algodón,2018,1.59,2.4716,0.8816,55.45,0.8816,Mejorable (>25%)
Estados Unidos,Caña de azúcar,2018,82.73,77.2134,5.5166,6.67,-5.5166,Bueno (≤10%)
Estados Unidos,Girasol,2018,2.46,2.1881,0.2719,11.05,-0.2719,Aceptable (10–25%)
Estados Unidos,Té,2018,1.15,1.666,0.516,44.87,0.516,Mejorable (>25%)
Estados Unidos,Maíz,2018,6.04,6.3884,0.3484,5.77,0.3484,Bueno (≤10%)
Estados Unidos,Cebada,2019,3.34,3.763,0.423,12.67,0.423,Aceptable (10–25%)
Estados Unidos,Arroz,2019,4.81,5.2433,0.4333,9.01,0.4333,Bueno (≤10%)
Estados Unidos,Trigo,2019,3.11,3.9925,0.8825,28.38,0.8825,Mejorable (>25%)
Estados Unidos,Algodón,2019,4.38,3.0128,1.3672,31.21,-1.3672,Mejorable (>25%)
Estados Unidos,Caña de azúcar,2019,54.67,74.5355,19.8655,36.34,19.8655,Mejorable (>25%)
Estados Unidos,Girasol,2019,1.33,2.0461,0.7161,53.84,0.7161,Mejorable (>25%)
Estados Unidos,Té,2019,1.97,1.6465,0.3235,16.42,-0.3235,Aceptable (10–25%)
Estados Unidos,Maíz,2019,5.84,6.7458,0.9058,15.51,0.9058,Aceptable (10–25%)
Estados Unidos,Cebada,2020,2.76,3.8251,1.0651,38.59,1.0651,Mejorable (>25%)
Estados Unidos,Arroz,2020,6.1,5.687,0.413,6.77,-0.413,Bueno (≤10%)
Estados Unidos,Trigo,2020,5.29,4.9756,0.3144,5.94,-0.3144,Bueno (≤10%)
Estados Unidos,Algodón,2020,3.29,2.8324,0.4576,13.91,-0.4576,Aceptable (10–25%)
Estados Unidos,Caña de azúcar,2020,105.62,84.7556,20.8644,19.75,-20.8644,Aceptable (10–25%)
Estados Unidos,Girasol,2020,1.65,2.0755,0.4255,25.79,0.4255,Mejorable (>25%)
Estados Unidos,Té,2020,1.36,1.7072,0.3472,25.53,0.3472,Mejorable (>25%)
Estados Unidos,Maíz,2020,8.15,7.086,1.064,13.06,-1.064,Aceptable (10–25%)
India,Girasol,2011,2.2,2.0531,0.1469,6.68,-0.1469,Bueno (≤10%)
India,Trigo,2011,7.58,6.4785,1.1015,14.53,-1.1015,Aceptable (10–25%)
India,Caña de azúcar,2011,80.57,86.7273,6.1573,7.64,6.1573,Bueno (≤10%)
India,Cebada,2011,2.8,3.67,0.87,31.07,0.87,Mejorable (>25%)
India,Café,2011,1.3,1.3045,0.0045,0.35,0.0045,Bueno (≤10%)
India,Algodón,2011,1.58,2.0451,0.4651,29.44,0.4651,Mejorable (>25%)
India,Té,2011,1.13,1.5072,0.3772,33.38,0.3772,Mejorable (>25%)
India,Arroz,2011,5.44,5.6444,0.2044,3.76,0.2044,Bueno (≤10%)
India,Girasol,2012,2.68,2.4056,0.2744,10.24,-0.2744,Aceptable (10–25%)
India,Trigo,2012,6.82,5.9711,0.8489,12.45,-0.8489,Aceptable (10–25%)
India,Caña de azúcar,2012,92.35,90.2304,2.1196,2.3,-2.1196,Bueno (≤10%)
India,Cebada,2012,4.46,4.3256,0.1344,3.01,-0.1344,Bueno (≤10%)
India,Café,2012,0.75,1.1253,0.3753,50.04,0.3753,Mejorable (>25%)
India,Algodón,2012,2.74,2.6109,0.1291,4.71,-0.1291,Bueno (≤10%)
India,Té,2012,1.73,1.7957,0.0657,3.8,0.0657,Bueno (≤10%)
India,Arroz,2012,5.89,5.5469,0.3431,5.83,-0.3431,Bueno (≤10%)
India,Girasol,2013,1.3,2.0297,0.7297,56.13,0.7297,Mejorable (>25%)
India,Trigo,2013,7.34,6.3116,1.0284,14.01,-1.0284,Aceptable (10–25%)
India,Caña de azúcar,2013,100.41,82.2303,18.1797,18.11,-18.1797,Aceptable (10–25%)
India,Cebada,2013,3.96,4.1268,0.1668,4.21,0.1668,Bueno (≤10%)
India,Café,2013,0.58,1.1569,0.5769,99.47,0.5769,Mejorable (>25%)
India,Algodón,2013,1.77,2.0599,0.2899,16.38,0.2899,Aceptable (10–25%)
India,Té,2013,1.89,1.7263,0.1637,8.66,-0.1637,Bueno (≤10%)
India,Arroz,2013,6.28,5.8277,0.4523,7.2,-0.4523,Bueno (≤10%)
India,Girasol,2014,2.38,2.2009,0.1791,7.52,-0.1791,Bueno (≤10%)
India,Trigo,2014,8.2,6.3128,1.8872,23.02,-1.8872,Aceptable (10–25%)
India,Caña de azúcar,2014,92.87,88.0153,4.8547,5.23,-4.8547,Bueno (≤10%)
India,Cebada,2014,5.08,4.104,0.976,19.21,-0.976,Aceptable (10–25%)
India,Café,2014,1.52,1.2931,0.2269,14.93,-0.2269,Aceptable (10–25%)
India,Algodón,2014,1.94,2.3987,0.4587,23.65,0.4587,Aceptable (10–25%)
India,Té,2014,1.26,1.5656,0.3056,24.26,0.3056,Aceptable (10–25%)
India,Arroz,2014,4.63,5.2818,0.6518,14.08,0.6518,Aceptable (10–25%)
India,Girasol,2015,2.34,2.2593,0.0807,3.45,-0.0807,Bueno (≤10%)
India,Trigo,2015,2.66,4.6523,1.9923,74.9,1.9923,Mejorable (>25%)
India,Caña de azúcar,2015,61.44,82.3317,20.8917,34.0,20.8917,Mejorable (>25%)
India,Cebada,2015,3.14,3.8723,0.7323,23.32,0.7323,Aceptable (10–25%)
India,Café,2015,1.14,1.2244,0.0844,7.41,0.0844,Bueno (≤10%)
India,Algodón,2015,1.63,2.1354,0.5054,31.01,0.5054,Mejorable (>25%)
India,Té,2015,1.69,1.6338,0.0562,3.33,-0.0562,Bueno (≤10%)
India,Arroz,2015,6.25,5.673,0.577,9.23,-0.577,Bueno (≤10%)
India,Girasol,2016,3.33,2.7888,0.5412,16.25,-0.5412,Aceptable (10–25%)
India,Trigo,2016,8.28,6.12,2.16,26.09,-2.16,Mejorable (>25%)
India,Caña de azúcar,2016,93.11,90.3638,2.7462,2.95,-2.7462,Bueno (≤10%)
India,Cebada,2016,3.74,4.0347,0.2947,7.88,0.2947,Bueno (≤10%)
India,Café,2016,1.44,1.2688,0.1712,11.89,-0.1712,Aceptable (10–25%)
India,Algodón,2016,2.97,2.7706,0.1994,6.71,-0.1994,Bueno (≤10%)
India,Té,2016,2.01,1.8175,0.1925,9.58,-0.1925,Bueno (≤10%)
India,Arroz,2016,8.31,5.8109,2.4991,30.07,-2.4991,Mejorable (>25%)
India,Girasol,2017,2.43,2.1826,0.2474,10.18,-0.2474,Aceptable (10–25%)
India,Trigo,2017,2.82,4.7584,1.9384,68.74,1.9384,Mejorable (>25%)
India,Caña de azúcar,2017,75.58,77.2968,1.7168,2.27,1.7168,Bueno (≤10%)
India,Cebada,2017,5.44,4.2885,1.1515,21.17,-1.1515,Aceptable (10–25%)
India,Café,2017,0.98,1.2599,0.2799,28.56,0.2799,Mejorable (>25%)
India,Algodón,2017,2.96,2.711,0.249,8.41,-0.249,Bueno (≤10%)
India,Té,2017,1.15,1.5523,0.4023,34.98,0.4023,Mejorable (>25%)
India,Arroz,2017,6.33,4.9699,1.3601,21.49,-1.3601,Aceptable (10–25%)
India,Girasol,2018,2.46,2.4254,0.0346,1.4,-0.0346,Bueno (≤10%)
India,Trigo,2018,6.52,5.3821,1.1379,17.45,-1.1379,Aceptable (10–25%)
India,Caña de azúcar,2018,110.6,97.3245,13.2755,12.0,-13.2755,Aceptable (10–25%)
India,Cebada,2018,5.93,4.3658,1.5642,26.38,-1.5642,Mejorable (>25%)
India,Café,2018,1.55,1.2879,0.2621,16.91,-0.2621,Aceptable (10–25%)
India,Algodón,2018,4.01,2.9122,1.0978,27.38,-1.0978,Mejorable (>25%)
India,Té,2018,1.97,1.7853,0.1847,9.37,-0.1847,Bueno (≤10%)
India,Arroz,2018,4.58,5.1545,0.5745,12.54,0.5745,Aceptable (10–25%)
India,Girasol,2019,1.95,2.1001,0.1501,7.7,0.1501,Bueno (≤10%)
India,Trigo,2019,4.66,5.2638,0.6038,12.96,0.6038,Aceptable (10–25%)
India,Caña de azúcar,2019,87.68,88.2407,0.5607,0.64,0.5607,Bueno (≤10%)
India,Cebada,2019,3.77,3.954,0.184,4.88,0.184,Bueno (≤10%)
India,Café,2019,0.71,1.1816,0.4716,66.42,0.4716,Mejorable (>25%)
India,Algodón,2019,2.57,2.3677,0.2023,7.87,-0.2023,Bueno (≤10%)
India,Té,2019,2.31,1.7331,0.5769,24.97,-0.5769,Aceptable (10–25%)
India,Arroz,2019,4.85,4.8863,0.0363,0.75,0.0363,Bueno (≤10%)
India,Girasol,2020,3.62,2.6969,0.9231,25.5,-0.9231,Mejorable (>25%)
India,Trigo,2020,5.96,5.6611,0.2989,5.01,-0.2989,Bueno (≤10%)
India,Caña de azúcar,2020,83.68,85.0544,1.3744,1.64,1.3744,Bueno (≤10%)
India,Cebada,2020,3.79,4.3434,0.5534,14.6,0.5534,Aceptable (10–25%)
India,Café,2020,1.9,1.4011,0.4989,26.26,-0.4989,Mejorable (>25%)
India,Algodón,2020,3.59,2.6702,0.9198,25.62,-0.9198,Mejorable (>25%)
India,Té,2020,1.42,1.6124,0.1924,13.55,0.1924,Aceptable (10–25%)
India,Arroz,2020,3.32,4.9633,1.6433,49.5,1.6433,Mejorable (>25%)
China,Té,2011,1.33,1.9729,0.6429,48.33,0.6429,Mejorable (>25%)
China,Arroz,2011,4.59,5.4741,0.8841,19.26,0.8841,Aceptable (10–25%)
China,Caña de azúcar,2011,50.76,73.9972,23.2372,45.78,23.2372,Mejorable (>25%)
China,Trigo,2011,2.68,4.554,1.874,69.93,1.874,Mejorable (>25%)
China,Café,2011,0.9,1.192,0.292,32.44,0.292,Mejorable (>25%)
China,Girasol,2011,2.76,2.4036,0.3564,12.91,-0.3564,Aceptable (10–25%)
China,Soja,2011,2.64,3.0867,0.4467,16.92,0.4467,Aceptable (10–25%)
China,Cebada,2011,3.27,4.2289,0.9589,29.32,0.9589,Mejorable (>25%)
China,Té,2012,3.09,2.1516,0.9384,30.37,-0.9384,Mejorable (>25%)
China,Arroz,2012,5.96,5.7902,0.1698,2.85,-0.1698,Bueno (≤10%)
China,Caña de azúcar,2012,123.63,86.9741,36.6559,29.65,-36.6559,Mejorable (>25%)
China,Trigo,2012,8.2,5.7017,2.4983,30.47,-2.4983,Mejorable (>25%)
China,Café,2012,2.43,1.3213,1.1087,45.63,-1.1087,Mejorable (>25%)
China,Girasol,2012,2.05,2.3247,0.2747,13.4,0.2747,Aceptable (10–25%)
China,Soja,2012,2.99,3.2737,0.2837,9.49,0.2837,Bueno (≤10%)
China,Cebada,2012,4.01,4.4148,0.4048,10.09,0.4048,Aceptable (10–25%)
China,Té,2013,2.75,2.2097,0.5403,19.65,-0.5403,Aceptable (10–25%)
China,Arroz,2013,4.8,5.8584,1.0584,22.05,1.0584,Aceptable (10–25%)
China,Caña de azúcar,2013,119.82,88.0227,31.7973,26.54,-31.7973,Mejorable (>25%)
China,Trigo,2013,7.09,5.6453,1.4447,20.38,-1.4447,Aceptable (10–25%)
China,Café,2013,1.08,1.1495,0.0695,6.43,0.0695,Bueno (≤10%)
China,Girasol,2013,4.43,2.838,1.592,35.94,-1.592,Mejorable (>25%)
China,Soja,2013,3.3,3.2548,0.0452,1.37,-0.0452,Bueno (≤10%)
China,Cebada,2013,4.77,4.3763,0.3937,8.25,-0.3937,Bueno (≤10%)
China,Té,2014,2.3,2.0833,0.2167,9.42,-0.2167,Bueno (≤10%)
China,Arroz,2014,7.56,6.336,1.224,16.19,-1.224,Aceptable (10–25%)
China,Caña de azúcar,2014,81.92,88.2062,6.2862,7.67,6.2862,Bueno (≤10%)
China,Trigo,2014,7.03,5.461,1.569,22.32,-1.569,Aceptable (10–25%)
China,Café,2014,1.26,1.2219,0.0381,3.02,-0.0381,Bueno (≤10%)
China,Girasol,2014,1.39,2.0339,0.6439,46.33,0.6439,Mejorable (>25%)
China,Soja,2014,3.65,3.4067,0.2433,6.67,-0.2433,Bueno (≤10%)
China,Cebada,2014,4.54,4.2177,0.3223,7.1,-0.3223,Bueno (≤10%)
China,Té,2015,2.17,2.1338,0.0362,1.67,-0.0362,Bueno (≤10%)
China,Arroz,2015,5.27,5.2879,0.0179,0.34,0.0179,Bueno (≤10%)
China,Caña de azúcar,2015,97.71,87.2541,10.4559,10.7,-10.4559,Aceptable (10–25%)
China,Trigo,2015,2.28,4.3551,2.0751,91.01,2.0751,Mejorable (>25%)
China,Café,2015,0.62,1.2067,0.5867,94.63,0.5867,Mejorable (>25%)
China,Girasol,2015,1.81,2.3823,0.5723,31.62,0.5723,Mejorable (>25%)
China,Soja,2015,3.89,3.273,0.617,15.86,-0.617,Aceptable (10–25%)
China,Cebada,2015,5.45,4.4734,0.9766,17.92,-0.9766,Aceptable (10–25%)
China,Té,2016,2.76,2.1926,0.5674,20.56,-0.5674,Aceptable (10–25%)
China,Arroz,2016,6.15,5.8608,0.2892,4.7,-0.2892,Bueno (≤10%)
China,Caña de azúcar,2016,68.19,82.1234,13.9334,20.43,13.9334,Aceptable (10–25%)
China,Trigo,2016,6.41,5.9526,0.4574,7.14,-0.4574,Bueno (≤10%)
China,Café,2016,0.99,1.1836,0.1936,19.56,0.1936,Aceptable (10–25%)
China,Girasol,2016,2.0,2.3057,0.3057,15.29,0.3057,Aceptable (10–25%)
China,Soja,2016,3.6,3.3335,0.2665,7.4,-0.2665,Bueno (≤10%)
China,Cebada,2016,2.72,4.3593,1.6393,60.27,1.6393,Mejorable (>25%)
China,Té,2017,1.73,1.866,0.136,7.86,0.136,Bueno (≤10%)
China,Arroz,2017,6.32,5.8339,0.4861,7.69,-0.4861,Bueno (≤10%)
China,Caña de azúcar,2017,71.24,67.2975,3.9425,5.53,-3.9425,Bueno (≤10%)
China,Trigo,2017,7.75,5.966,1.784,23.02,-1.784,Aceptable (10–25%)
China,Café,2017,0.83,1.2021,0.3721,44.83,0.3721,Mejorable (>25%)
China,Girasol,2017,2.79,2.4414,0.3486,12.49,-0.3486,Aceptable (10–25%)
China,Soja,2017,3.22,3.2917,0.0717,2.23,0.0717,Bueno (≤10%)
China,Cebada,2017,7.12,5.2183,1.9017,26.71,-1.9017,Mejorable (>25%)
China,Té,2018,1.52,1.907,0.387,25.46,0.387,Mejorable (>25%)
China,Arroz,2018,5.29,5.4055,0.1155,2.18,0.1155,Bueno (≤10%)
China,Caña de azúcar,2018,94.72,77.5689,17.1511,18.11,-17.1511,Aceptable (10–25%)
China,Trigo,2018,5.35,5.0653,0.2847,5.32,-0.2847,Bueno (≤10%)
China,Café,2018,1.81,1.4321,0.3779,20.88,-0.3779,Aceptable (10–25%)
China,Girasol,2018,3.0,2.2948,0.7052,23.51,-0.7052,Aceptable (10–25%)
China,Soja,2018,3.01,3.3641,0.3541,11.76,0.3541,Aceptable (10–25%)
China,Cebada,2018,4.89,4.5456,0.3444,7.04,-0.3444,Bueno (≤10%)
China,Té,2019,2.47,2.0263,0.4437,17.97,-0.4437,Aceptable (10–25%)
China,Arroz,2019,4.0,4.8839,0.8839,22.1,0.8839,Aceptable (10–25%)
China,Caña de azúcar,2019,83.65,84.695,1.045,1.25,1.045,Bueno (≤10%)
China,Trigo,2019,3.02,4.1786,1.1586,38.36,1.1586,Mejorable (>25%)
China,Café,2019,0.71,1.2043,0.4943,69.61,0.4943,Mejorable (>25%)
China,Girasol,2019,1.78,2.2564,0.4764,26.77,0.4764,Mejorable (>25%)
China,Soja,2019,3.03,3.297,0.267,8.81,0.267,Bueno (≤10%)
China,Cebada,2019,2.54,3.8052,1.2652,49.81,1.2652,Mejorable (>25%)
China,Té,2020,1.09,1.8418,0.7518,68.97,0.7518,Mejorable (>25%)
China,Arroz,2020,8.28,6.1311,2.1489,25.95,-2.1489,Mejorable (>25%)
China,Caña de azúcar,2020,77.85,84.4884,6.6384,8.53,6.6384,Bueno (≤10%)
China,Trigo,2020,2.84,4.2669,1.4269,50.24,1.4269,Mejorable (>25%)
China,Café,2020,1.08,1.1281,0.0481,4.45,0.0481,Bueno (≤10%)
China,Girasol,2020,3.42,2.7323,0.6877,20.11,-0.6877,Aceptable (10–25%)
China,Soja,2020,3.85,3.4095,0.4405,11.44,-0.4405,Aceptable (10–25%)
China,Cebada,2020,7.22,4.6566,2.5634,35.5,-2.5634,Mejorable (>25%)
Francia,Trigo,2011,4.56,4.0499,0.5101,11.19,-0.5101,Aceptable (10–25%)
Francia,Caña de azúcar,2011,57.97,71.1965,13.2265,22.82,13.2265,Aceptable (10–25%)
Francia,Maíz,2011,6.4,6.1413,0.2587,4.04,-0.2587,Bueno (≤10%)
Francia,Café,2011,2.0,1.3885,0.6115,30.57,-0.6115,Mejorable (>25%)
Francia,Algodón,2011,3.67,2.8469,0.8231,22.43,-0.8231,Aceptable (10–25%)
Francia,Soja,2011,3.41,3.4371,0.0271,0.79,0.0271,Bueno (≤10%)
Francia,Cebada,2011,3.06,4.1425,1.0825,35.38,1.0825,Mejorable (>25%)
Francia,Girasol,2011,1.8,2.3145,0.5145,28.58,0.5145,Mejorable (>25%)
Francia,Trigo,2012,3.92,4.0432,0.1232,3.14,0.1232,Bueno (≤10%)
Francia,Caña de azúcar,2012,59.86,69.6657,9.8057,16.38,9.8057,Aceptable (10–25%)
Francia,Maíz,2012,6.92,6.7074,0.2126,3.07,-0.2126,Bueno (≤10%)
Francia,Café,2012,0.43,1.0582,0.6282,146.1,0.6282,Mejorable (>25%)
Francia,Algodón,2012,3.64,2.9208,0.7192,19.76,-0.7192,Aceptable (10–25%)
Francia,Soja,2012,3.98,3.7753,0.2047,5.14,-0.2047,Bueno (≤10%)
Francia,Cebada,2012,5.79,4.5149,1.2751,22.02,-1.2751,Aceptable (10–25%)
Francia,Girasol,2012,1.64,2.0153,0.3753,22.88,0.3753,Aceptable (10–25%)
Francia,Trigo,2013,4.13,4.2149,0.0849,2.06,0.0849,Bueno (≤10%)
Francia,Caña de azúcar,2013,103.83,84.3125,19.5175,18.8,-19.5175,Aceptable (10–25%)
Francia,Maíz,2013,3.35,5.4657,2.1157,63.16,2.1157,Mejorable (>25%)
Francia,Café,2013,1.38,1.2863,0.0937,6.79,-0.0937,Bueno (≤10%)
Francia,Algodón,2013,1.19,2.2082,1.0182,85.56,1.0182,Mejorable (>25%)
Francia,Soja,2013,4.44,3.7308,0.7092,15.97,-0.7092,Aceptable (10–25%)
Francia,Cebada,2013,3.43,4.215,0.785,22.89,0.785,Aceptable (10–25%)
Francia,Girasol,2013,1.73,2.1304,0.4004,23.15,0.4004,Aceptable (10–25%)
Francia,Trigo,2014,2.41,3.6615,1.2515,51.93,1.2515,Mejorable (>25%)
Francia,Caña de azúcar,2014,67.73,79.6618,11.9318,17.62,11.9318,Aceptable (10–25%)
Francia,Maíz,2014,8.98,6.9077,2.0723,23.08,-2.0723,Aceptable (10–25%)
Francia,Café,2014,1.74,1.26,0.48,27.59,-0.48,Mejorable (>25%)
Francia,Algodón,2014,3.44,2.9024,0.5376,15.63,-0.5376,Aceptable (10–25%)
Francia,Soja,2014,3.89,3.5445,0.3455,8.88,-0.3455,Bueno (≤10%)
Francia,Cebada,2014,5.68,4.4791,1.2009,21.14,-1.2009,Aceptable (10–25%)
Francia,Girasol,2014,2.89,2.6071,0.2829,9.79,-0.2829,Bueno (≤10%)
Francia,Trigo,2015,4.62,4.127,0.493,10.67,-0.493,Aceptable (10–25%)
Francia,Caña de azúcar,2015,98.68,83.4699,15.2101,15.41,-15.2101,Aceptable (10–25%)
Francia,Maíz,2015,6.75,6.263,0.487,7.22,-0.487,Bueno (≤10%)
Francia,Café,2015,0.52,1.1285,0.6085,117.02,0.6085,Mejorable (>25%)
Francia,Algodón,2015,2.72,2.6731,0.0469,1.72,-0.0469,Bueno (≤10%)
Francia,Soja,2015,3.1,3.5301,0.4301,13.87,0.4301,Aceptable (10–25%)
Francia,Cebada,2015,5.58,4.308,1.272,22.8,-1.272,Aceptable (10–25%)
Francia,Girasol,2015,3.3,2.5982,0.7018,21.27,-0.7018,Aceptable (10–25%)
Francia,Trigo,2016,4.17,4.2961,0.1261,3.02,0.1261,Bueno (≤10%)
Francia,Caña de azúcar,2016,77.52,80.9923,3.4723,4.48,3.4723,Bueno (≤10%)
Francia,Maíz,2016,6.55,5.8837,0.6663,10.17,-0.6663,Aceptable (10–25%)
Francia,Café,2016,0.8,1.2759,0.4759,59.49,0.4759,Mejorable (>25%)
Francia,Algodón,2016,3.71,3.0381,0.6719,18.11,-0.6719,Aceptable (10–25%)
Francia,Soja,2016,3.75,3.7826,0.0326,0.87,0.0326,Bueno (≤10%)
Francia,Cebada,2016,5.85,4.6433,1.2067,20.63,-1.2067,Aceptable (10–25%)
Francia,Girasol,2016,3.11,2.6374,0.4726,15.2,-0.4726,Aceptable (10–25%)
Francia,Trigo,2017,2.3,3.6631,1.3631,59.26,1.3631,Mejorable (>25%)
Francia,Caña de azúcar,2017,72.49,77.0317,4.5417,6.27,4.5417,Bueno (≤10%)
Francia,Maíz,2017,9.83,7.0634,2.7666,28.14,-2.7666,Mejorable (>25%)
Francia,Café,2017,2.0,1.4109,0.5891,29.46,-0.5891,Mejorable (>25%)
Francia,Algodón,2017,5.25,3.2573,1.9927,37.96,-1.9927,Mejorable (>25%)
Francia,Soja,2017,3.3,3.7186,0.4186,12.69,0.4186,Aceptable (10–25%)
Francia,Cebada,2017,4.82,4.5659,0.2541,5.27,-0.2541,Bueno (≤10%)
Francia,Girasol,2017,2.64,2.5427,0.0973,3.68,-0.0973,Bueno (≤10%)
Francia,Trigo,2018,8.18,4.5655,3.6145,44.19,-3.6145,Mejorable (>25%)
Francia,Caña de azúcar,2018,66.28,74.9094,8.6294,13.02,8.6294,Aceptable (10–25%)
Francia,Maíz,2018,6.29,6.7688,0.4788,7.61,0.4788,Bueno (≤10%)
Francia,Café,2018,1.94,1.5534,0.3866,19.93,-0.3866,Aceptable (10–25%)
Francia,Algodón,2018,1.32,2.3107,0.9907,75.06,0.9907,Mejorable (>25%)
Francia,Soja,2018,3.88,3.904,0.024,0.62,0.024,Bueno (≤10%)
Francia,Cebada,2018,2.22,4.1827,1.9627,88.41,1.9627,Mejorable (>25%)
Francia,Girasol,2018,2.86,2.5723,0.2877,10.06,-0.2877,Aceptable (10–25%)
Francia,Trigo,2019,5.25,4.9398,0.3102,5.91,-0.3102,Bueno (≤10%)
Francia,Caña de azúcar,2019,58.78,76.4241,17.6441,30.02,17.6441,Mejorable (>25%)
Francia,Maíz,2019,2.98,5.0047,2.0247,67.94,2.0247,Mejorable (>25%)
Francia,Café,2019,0.59,1.1343,0.5443,92.25,0.5443,Mejorable (>25%)
Francia,Algodón,2019,2.47,2.5553,0.0853,3.45,0.0853,Bueno (≤10%)
Francia,Soja,2019,3.25,3.6811,0.4311,13.27,0.4311,Aceptable (10–25%)
Francia,Cebada,2019,4.59,4.3726,0.2174,4.74,-0.2174,Bueno (≤10%)
Francia,Girasol,2019,2.84,2.471,0.369,12.99,-0.369,Aceptable (10–25%)
Francia,Trigo,2020,4.86,4.2198,0.6402,13.17,-0.6402,Aceptable (10–25%)
Francia,Caña de azúcar,2020,62.49,79.9162,17.4262,27.89,17.4262,Mejorable (>25%)
Francia,Maíz,2020,8.35,6.8617,1.4883,17.82,-1.4883,Aceptable (10–25%)
Francia,Café,2020,2.3,1.6031,0.6969,30.3,-0.6969,Mejorable (>25%)
Francia,Algodón,2020,1.08,2.2707,1.1907,110.25,1.1907,Mejorable (>25%)
Francia,Soja,2020,3.88,3.6422,0.2378,6.13,-0.2378,Bueno (≤10%)
Francia,Cebada,2020,4.13,4.4162,0.2862,6.93,0.2862,Bueno (≤10%)
Francia,Girasol,2020,1.79,2.2034,0.4134,23.09,0.4134,Aceptable (10–25%)
Alemania,Soja,2011,3.21,3.7849,0.5749,17.91,0.5749,Aceptable (10–25%)
Alemania,Caña de azúcar,2011,70.14,90.2135,20.0735,28.62,20.0735,Mejorable (>25%)
Alemania,Girasol,2011,4.01,2.7524,1.2576,31.36,-1.2576,Mejorable (>25%)
Alemania,Té,2011,2.38,2.4436,0.0636,2.67,0.0636,Bueno (≤10%)
Alemania,Trigo,2011,5.87,4.408,1.462,24.91,-1.462,Aceptable (10–25%)
Alemania,Café,2011,2.24,1.5631,0.6769,30.22,-0.6769,Mejorable (>25%)
Alemania,Maíz,2011,9.34,7.3886,1.9514,20.89,-1.9514,Aceptable (10–25%)
Alemania,Cebada,2011,3.34,3.9548,0.6148,18.41,0.6148,Aceptable (10–25%)
Alemania,Soja,2012,4.68,4.0155,0.6645,14.2,-0.6645,Aceptable (10–25%)
Alemania,Caña de azúcar,2012,101.16,88.2998,12.8602,12.71,-12.8602,Aceptable (10–25%)
Alemania,Girasol,2012,3.77,2.6158,1.1542,30.61,-1.1542,Mejorable (>25%)
Alemania,Té,2012,2.19,2.2902,0.1002,4.58,0.1002,Bueno (≤10%)
Alemania,Trigo,2012,3.92,4.8046,0.8846,22.57,0.8846,Aceptable (10–25%)
Alemania,Café,2012,1.25,1.4301,0.1801,14.41,0.1801,Aceptable (10–25%)
Alemania,Maíz,2012,8.57,6.7137,1.8563,21.66,-1.8563,Aceptable (10–25%)
Alemania,Cebada,2012,5.61,4.4963,1.1137,19.85,-1.1137,Aceptable (10–25%)
Alemania,Soja,2013,3.82,3.8042,0.0158,0.41,-0.0158,Bueno (≤10%)
Alemania,Caña de azúcar,2013,71.14,90.8042,19.6642,27.64,19.6642,Mejorable (>25%)
Alemania,Girasol,2013,1.86,2.2134,0.3534,19.0,0.3534,Aceptable (10–25%)
Alemania,Té,2013,3.05,2.4109,0.6391,20.95,-0.6391,Aceptable (10–25%)
Alemania,Trigo,2013,4.86,4.2762,0.5838,12.01,-0.5838,Aceptable (10–25%)
Alemania,Café,2013,1.14,1.5487,0.4087,35.85,0.4087,Mejorable (>25%)
Alemania,Maíz,2013,8.7,7.3137,1.3863,15.93,-1.3863,Aceptable (10–25%)
Alemania,Cebada,2013,3.5,3.9852,0.4852,13.86,0.4852,Aceptable (10–25%)
Alemania,Soja,2014,2.64,3.3594,0.7194,27.25,0.7194,Mejorable (>25%)
Alemania,Caña de azúcar,2014,130.07,105.8354,24.2346,18.63,-24.2346,Aceptable (10–25%)
Alemania,Girasol,2014,1.8,2.2866,0.4866,27.03,0.4866,Mejorable (>25%)
Alemania,Té,2014,1.63,2.0174,0.3874,23.76,0.3874,Aceptable (10–25%)
Alemania,Trigo,2014,3.68,4.4858,0.8058,21.9,0.8058,Aceptable (10–25%)
Alemania,Café,2014,2.5,1.4648,1.0352,41.41,-1.0352,Mejorable (>25%)
Alemania,Maíz,2014,5.42,5.7471,0.3271,6.04,0.3271,Bueno (≤10%)
Alemania,Cebada,2014,4.0,4.0112,0.0112,0.28,0.0112,Bueno (≤10%)
Alemania,Soja,2015,3.39,3.8473,0.4573,13.49,0.4573,Aceptable (10–25%)
Alemania,Caña de azúcar,2015,95.61,91.5136,4.0964,4.28,-4.0964,Bueno (≤10%)
Alemania,Girasol,2015,1.45,2.287,0.837,57.72,0.837,Mejorable (>25%)
Alemania,Té,2015,1.78,2.2028,0.4228,23.75,0.4228,Aceptable (10–25%)
Alemania,Trigo,2015,3.13,4.0198,0.8898,28.43,0.8898,Mejorable (>25%)
Alemania,Café,2015,2.07,1.5989,0.4711,22.76,-0.4711,Aceptable (10–25%)
Alemania,Maíz,2015,5.5,6.9673,1.4673,26.68,1.4673,Mejorable (>25%)
Alemania,Cebada,2015,6.13,4.3835,1.7465,28.49,-1.7465,Mejorable (>25%)
Alemania,Soja,2016,5.1,4.0178,1.0822,21.22,-1.0822,Aceptable (10–25%)
Alemania,Caña de azúcar,2016,102.35,90.4252,11.9248,11.65,-11.9248,Aceptable (10–25%)
Alemania,Girasol,2016,1.61,2.2975,0.6875,42.7,0.6875,Mejorable (>25%)
Alemania,Té,2016,3.48,2.5887,0.8913,25.61,-0.8913,Mejorable (>25%)
Alemania,Trigo,2016,3.15,4.4806,1.3306,42.24,1.3306,Mejorable (>25%)
Alemania,Café,2016,0.82,1.4008,0.5808,70.83,0.5808,Mejorable (>25%)
Alemania,Maíz,2016,6.9,6.6083,0.2917,4.23,-0.2917,Bueno (≤10%)
Alemania,Cebada,2016,3.2,3.8847,0.6847,21.4,0.6847,Aceptable (10–25%)
Alemania,Soja,2017,3.09,3.5395,0.4495,14.55,0.4495,Aceptable (10–25%)
Alemania,Caña de azúcar,2017,112.72,102.6523,10.0677,8.93,-10.0677,Bueno (≤10%)
Alemania,Girasol,2017,3.78,2.9082,0.8718,23.06,-0.8718,Aceptable (10–25%)
Alemania,Té,2017,2.91,2.5572,0.3528,12.12,-0.3528,Aceptable (10–25%)
Alemania,Trigo,2017,3.96,4.1258,0.1658,4.19,0.1658,Bueno (≤10%)
Alemania,Café,2017,0.91,1.3344,0.4244,46.64,0.4244,Mejorable (>25%)
Alemania,Maíz,2017,5.26,6.1792,0.9192,17.47,0.9192,Aceptable (10–25%)
Alemania,Cebada,2017,2.68,3.7626,1.0826,40.4,1.0826,Mejorable (>25%)
Alemania,Soja,2018,4.04,3.7563,0.2837,7.02,-0.2837,Bueno (≤10%)
Alemania,Caña de azúcar,2018,113.29,100.1403,13.1497,11.61,-13.1497,Aceptable (10–25%)
Alemania,Girasol,2018,2.78,2.6496,0.1304,4.69,-0.1304,Bueno (≤10%)
Alemania,Té,2018,2.12,2.3521,0.2321,10.95,0.2321,Aceptable (10–25%)
Alemania,Trigo,2018,4.16,4.2984,0.1384,3.33,0.1384,Bueno (≤10%)
Alemania,Café,2018,1.51,1.6393,0.1293,8.56,0.1293,Bueno (≤10%)
Alemania,Maíz,2018,6.87,7.1735,0.3035,4.42,0.3035,Bueno (≤10%)
Alemania,Cebada,2018,2.78,3.8678,1.0878,39.13,1.0878,Mejorable (>25%)
Alemania,Soja,2019,3.88,3.8201,0.0599,1.54,-0.0599,Bueno (≤10%)
Alemania,Caña de azúcar,2019,106.9,92.0886,14.8114,13.86,-14.8114,Aceptable (10–25%)
Alemania,Girasol,2019,3.15,2.8749,0.2751,8.73,-0.2751,Bueno (≤10%)
Alemania,Té,2019,2.57,2.3398,0.2302,8.96,-0.2302,Bueno (≤10%)
Alemania,Trigo,2019,7.0,5.1907,1.8093,25.85,-1.8093,Mejorable (>25%)
Alemania,Café,2019,0.64,1.2234,0.5834,91.15,0.5834,Mejorable (>25%)
Alemania,Maíz,2019,11.03,7.3961,3.6339,32.95,-3.6339,Mejorable (>25%)
Alemania,Cebada,2019,5.43,4.2593,1.1707,21.56,-1.1707,Aceptable (10–25%)
Alemania,Soja,2020,3.82,3.6798,0.1402,3.67,-0.1402,Bueno (≤10%)
Alemania,Caña de azúcar,2020,86.17,86.175,0.005,0.01,0.005,Bueno (≤10%)
Alemania,Girasol,2020,2.47,2.5959,0.1259,5.1,0.1259,Bueno (≤10%)
Alemania,Té,2020,2.3,2.3231,0.0231,1.01,0.0231,Bueno (≤10%)
Alemania,Trigo,2020,6.84,5.0394,1.8006,26.32,-1.8006,Mejorable (>25%)
Alemania,Café,2020,2.76,1.6075,1.1525,41.76,-1.1525,Mejorable (>25%)
Alemania,Maíz,2020,5.94,6.3755,0.4355,7.33,0.4355,Bueno (≤10%)
Alemania,Cebada,2020,4.32,4.0698,0.2502,5.79,-0.2502,Bueno (≤10%)
Australia,Trigo,2011,7.22,5.2133,2.0067,27.79,-2.0067,Mejorable (>25%)
Australia,Caña de azúcar,2011,137.24,107.3809,29.8591,21.76,-29.8591,Aceptable (10–25%)
Australia,Algodón,2011,1.56,2.4553,0.8953,57.39,0.8953,Mejorable (>25%)
Australia,Maíz,2011,3.36,4.8077,1.4477,43.09,1.4477,Mejorable (>25%)
Australia,Café,2011,0.77,1.2059,0.4359,56.61,0.4359,Mejorable (>25%)
Australia,Té,2011,3.03,2.3029,0.7271,24.0,-0.7271,Aceptable (10–25%)
Australia,Soja,2011,2.39,3.1097,0.7197,30.11,0.7197,Mejorable (>25%)
Australia,Arroz,2011,8.72,5.7492,2.9708,34.07,-2.9708,Mejorable (>25%)
Australia,Trigo,2012,8.64,5.3436,3.2964,38.15,-3.2964,Mejorable (>25%)
Australia,Caña de azúcar,2012,129.56,102.2456,27.3144,21.08,-27.3144,Aceptable (10–25%)
Australia,Algodón,2012,2.55,2.3232,0.2268,8.89,-0.2268,Bueno (≤10%)
Australia,Maíz,2012,4.17,4.8085,0.6385,15.31,0.6385,Aceptable (10–25%)
Australia,Café,2012,1.02,1.3212,0.3012,29.53,0.3012,Mejorable (>25%)
Australia,Té,2012,2.21,2.1668,0.0432,1.96,-0.0432,Bueno (≤10%)
Australia,Soja,2012,3.13,3.1394,0.0094,0.3,0.0094,Bueno (≤10%)
Australia,Arroz,2012,6.69,5.6343,1.0557,15.78,-1.0557,Aceptable (10–25%)
Australia,Trigo,2013,3.35,4.2608,0.9108,27.19,0.9108,Mejorable (>25%)
Australia,Caña de azúcar,2013,64.46,93.5605,29.1005,45.15,29.1005,Mejorable (>25%)
Australia,Algodón,2013,2.19,2.3068,0.1168,5.33,0.1168,Bueno (≤10%)
Australia,Maíz,2013,3.63,4.5896,0.9596,26.44,0.9596,Mejorable (>25%)
Australia,Café,2013,1.41,1.5449,0.1349,9.57,0.1349,Bueno (≤10%)
Australia,Té,2013,3.12,2.3755,0.7445,23.86,-0.7445,Aceptable (10–25%)
Australia,Soja,2013,4.15,3.2803,0.8697,20.96,-0.8697,Aceptable (10–25%)
Australia,Arroz,2013,6.56,5.8205,0.7395,11.27,-0.7395,Aceptable (10–25%)
Australia,Trigo,2014,2.05,4.1254,2.0754,101.24,2.0754,Mejorable (>25%)
Australia,Caña de azúcar,2014,72.59,88.6131,16.0231,22.07,16.0231,Aceptable (10–25%)
Australia,Algodón,2014,3.88,2.5688,1.3112,33.79,-1.3112,Mejorable (>25%)
Australia,Maíz,2014,5.73,5.3767,0.3533,6.17,-0.3533,Bueno (≤10%)
Australia,Café,2014,2.89,1.7092,1.1808,40.86,-1.1808,Mejorable (>25%)
Australia,Té,2014,2.01,2.0991,0.0891,4.43,0.0891,Bueno (≤10%)
Australia,Soja,2014,3.97,3.1047,0.8653,21.8,-0.8653,Aceptable (10–25%)
Australia,Arroz,2014,3.92,5.1237,1.2037,30.71,1.2037,Mejorable (>25%)
Australia,Trigo,2015,2.75,4.0208,1.2708,46.21,1.2708,Mejorable (>25%)
Australia,Caña de azúcar,2015,96.56,100.6595,4.0995,4.25,4.0995,Bueno (≤10%)
Australia,Algodón,2015,1.62,2.1835,0.5635,34.78,0.5635,Mejorable (>25%)
Australia,Maíz,2015,3.44,4.4916,1.0516,30.57,1.0516,Mejorable (>25%)
Australia,Café,2015,1.17,1.4445,0.2745,23.46,0.2745,Aceptable (10–25%)
Australia,Té,2015,1.99,2.1473,0.1573,7.9,0.1573,Bueno (≤10%)
Australia,Soja,2015,2.97,3.2321,0.2621,8.83,0.2621,Bueno (≤10%)
Australia,Arroz,2015,4.24,4.8754,0.6354,14.99,0.6354,Aceptable (10–25%)
Australia,Trigo,2016,7.6,5.5711,2.0289,26.7,-2.0289,Mejorable (>25%)
Australia,Caña de azúcar,2016,82.6,84.5306,1.9306,2.34,1.9306,Bueno (≤10%)
Australia,Algodón,2016,2.19,2.1567,0.0333,1.52,-0.0333,Bueno (≤10%)
Australia,Maíz,2016,6.08,5.733,0.347,5.71,-0.347,Bueno (≤10%)
Australia,Café,2016,1.79,1.4954,0.2946,16.46,-0.2946,Aceptable (10–25%)
Australia,Té,2016,1.31,1.9555,0.6455,49.28,0.6455,Mejorable (>25%)
Australia,Soja,2016,3.21,2.9351,0.2749,8.56,-0.2749,Bueno (≤10%)
Australia,Arroz,2016,6.68,5.7961,0.8839,13.23,-0.8839,Aceptable (10–25%)
Australia,Trigo,2017,6.4,4.8916,1.5084,23.57,-1.5084,Aceptable (10–25%)
Australia,Caña de azúcar,2017,111.25,99.7149,11.5351,10.37,-11.5351,Aceptable (10–25%)
Australia,Algodón,2017,2.56,2.3759,0.1841,7.19,-0.1841,Bueno (≤10%)
Australia,Maíz,2017,7.43,5.8174,1.6126,21.7,-1.6126,Aceptable (10–25%)
Australia,Café,2017,2.01,1.6541,0.3559,17.71,-0.3559,Aceptable (10–25%)
Australia,Té,2017,1.83,2.192,0.362,19.78,0.362,Aceptable (10–25%)
Australia,Soja,2017,2.03,2.8992,0.8692,42.82,0.8692,Mejorable (>25%)
Australia,Arroz,2017,3.53,5.2155,1.6855,47.75,1.6855,Mejorable (>25%)
Australia,Trigo,2018,8.1,6.2597,1.8403,22.72,-1.8403,Aceptable (10–25%)
Australia,Caña de azúcar,2018,65.01,87.2174,22.2074,34.16,22.2074,Mejorable (>25%)
Australia,Algodón,2018,1.57,2.0441,0.4741,30.2,0.4741,Mejorable (>25%)
Australia,Maíz,2018,8.76,5.8114,2.9486,33.66,-2.9486,Mejorable (>25%)
Australia,Café,2018,1.7,1.4526,0.2474,14.55,-0.2474,Aceptable (10–25%)
Australia,Té,2018,1.6,2.0073,0.4073,25.46,0.4073,Mejorable (>25%)
Australia,Soja,2018,2.47,3.0301,0.5601,22.68,0.5601,Aceptable (10–25%)
Australia,Arroz,2018,4.68,5.2369,0.5569,11.9,0.5569,Aceptable (10–25%)
Australia,Trigo,2019,3.45,4.418,0.968,28.06,0.968,Mejorable (>25%)
Australia,Caña de azúcar,2019,129.82,103.1066,26.7134,20.58,-26.7134,Aceptable (10–25%)
Australia,Algodón,2019,3.36,2.7742,0.5858,17.43,-0.5858,Aceptable (10–25%)
Australia,Maíz,2019,3.16,4.7428,1.5828,50.09,1.5828,Mejorable (>25%)
Australia,Café,2019,2.11,1.6289,0.4811,22.8,-0.4811,Aceptable (10–25%)
Australia,Té,2019,2.48,2.2814,0.1986,8.01,-0.1986,Bueno (≤10%)
Australia,Soja,2019,3.15,3.1583,0.0083,0.26,0.0083,Bueno (≤10%)
Australia,Arroz,2019,6.56,5.6742,0.8858,13.5,-0.8858,Aceptable (10–25%)
Australia,Trigo,2020,4.65,4.8279,0.1779,3.83,0.1779,Bueno (≤10%)
Australia,Caña de azúcar,2020,124.19,104.7918,19.3982,15.62,-19.3982,Aceptable (10–25%)
Australia,Algodón,2020,3.16,2.7302,0.4298,13.6,-0.4298,Aceptable (10–25%)
Australia,Maíz,2020,7.04,5.7972,1.2428,17.65,-1.2428,Aceptable (10–25%)
Australia,Café,2020,0.85,1.4136,0.5636,66.3,0.5636,Mejorable (>25%)
Australia,Té,2020,2.47,2.217,0.253,10.24,-0.253,Aceptable (10–25%)
Australia,Soja,2020,4.25,3.3754,0.8746,20.58,-0.8746,Aceptable (10–25%)
Australia,Arroz,2020,6.23,5.5319,0.6981,11.21,-0.6981,Aceptable (10–25%)
México,Algodón,2011,1.79,2.4748,0.6848,38.26,0.6848,Mejorable (>25%)
México,Maíz,2011,4.04,5.7215,1.6815,41.62,1.6815,Mejorable (>25%)
México,Cebada,2011,3.88,3.9888,0.1088,2.8,0.1088,Bueno (≤10%)
México,Caña de azúcar,2011,86.07,85.85,0.22,0.26,-0.22,Bueno (≤10%)
México,Café,2011,1.49,1.4393,0.0507,3.4,-0.0507,Bueno (≤10%)
México,Trigo,2011,4.67,5.1368,0.4668,10.0,0.4668,Bueno (≤10%)
México,Soja,2011,4.12,3.4801,0.6399,15.53,-0.6399,Aceptable (10–25%)
México,Arroz,2011,4.04,4.8676,0.8276,20.49,0.8276,Aceptable (10–25%)
México,Algodón,2012,2.14,2.3077,0.1677,7.84,0.1677,Bueno (≤10%)
México,Maíz,2012,4.14,5.9343,1.7943,43.34,1.7943,Mejorable (>25%)
México,Cebada,2012,4.17,4.1545,0.0155,0.37,-0.0155,Bueno (≤10%)
México,Caña de azúcar,2012,57.2,75.9656,18.7656,32.81,18.7656,Mejorable (>25%)
México,Café,2012,2.0,1.6943,0.3057,15.29,-0.3057,Aceptable (10–25%)
México,Trigo,2012,7.59,5.54,2.05,27.01,-2.05,Mejorable (>25%)
México,Soja,2012,3.25,3.385,0.135,4.15,0.135,Bueno (≤10%)
México,Arroz,2012,4.17,5.2647,1.0947,26.25,1.0947,Mejorable (>25%)
México,Algodón,2013,4.02,2.9027,1.1173,27.79,-1.1173,Mejorable (>25%)
México,Maíz,2013,4.93,5.6827,0.7527,15.27,0.7527,Aceptable (10–25%)
México,Cebada,2013,3.85,3.7346,0.1154,3.0,-0.1154,Bueno (≤10%)
México,Caña de azúcar,2013,77.53,82.4973,4.9673,6.41,4.9673,Bueno (≤10%)
México,Café,2013,1.22,1.3537,0.1337,10.96,0.1337,Aceptable (10–25%)
México,Trigo,2013,5.47,5.3963,0.0737,1.35,-0.0737,Bueno (≤10%)
México,Soja,2013,3.08,3.2215,0.1415,4.59,0.1415,Bueno (≤10%)
México,Arroz,2013,6.7,5.9452,0.7548,11.27,-0.7548,Aceptable (10–25%)
México,Algodón,2014,3.07,2.8237,0.2463,8.02,-0.2463,Bueno (≤10%)
México,Maíz,2014,7.75,6.7876,0.9624,12.42,-0.9624,Aceptable (10–25%)
México,Cebada,2014,3.43,3.7711,0.3411,9.94,0.3411,Bueno (≤10%)
México,Caña de azúcar,2014,109.37,90.6489,18.7211,17.12,-18.7211,Aceptable (10–25%)
México,Café,2014,2.11,1.6174,0.4926,23.35,-0.4926,Aceptable (10–25%)
México,Trigo,2014,6.85,5.8323,1.0177,14.86,-1.0177,Aceptable (10–25%)
México,Soja,2014,2.15,3.2102,1.0602,49.31,1.0602,Mejorable (>25%)
México,Arroz,2014,5.77,5.9338,0.1638,2.84,0.1638,Bueno (≤10%)
México,Algodón,2015,2.73,2.4938,0.2362,8.65,-0.2362,Bueno (≤10%)
México,Maíz,2015,9.22,6.8906,2.3294,25.27,-2.3294,Mejorable (>25%)
México,Cebada,2015,4.0,3.8517,0.1483,3.71,-0.1483,Bueno (≤10%)
México,Caña de azúcar,2015,89.45,86.5446,2.9054,3.25,-2.9054,Bueno (≤10%)
México,Café,2015,1.76,1.6672,0.0928,5.27,-0.0928,Bueno (≤10%)
México,Trigo,2015,4.4,5.0077,0.6077,13.81,0.6077,Aceptable (10–25%)
México,Soja,2015,2.62,3.1355,0.5155,19.67,0.5155,Aceptable (10–25%)
México,Arroz,2015,4.75,5.1969,0.4469,9.41,0.4469,Bueno (≤10%)
México,Algodón,2016,2.75,2.6892,0.0608,2.21,-0.0608,Bueno (≤10%)
México,Maíz,2016,6.22,6.5278,0.3078,4.95,0.3078,Bueno (≤10%)
México,Cebada,2016,4.35,3.84,0.51,11.73,-0.51,Aceptable (10–25%)
México,Caña de azúcar,2016,106.68,92.908,13.772,12.91,-13.772,Aceptable (10–25%)
México,Café,2016,0.79,1.1907,0.4007,50.73,0.4007,Mejorable (>25%)
México,Trigo,2016,5.97,5.6672,0.3028,5.07,-0.3028,Bueno (≤10%)
México,Soja,2016,2.94,3.3836,0.4436,15.09,0.4436,Aceptable (10–25%)
México,Arroz,2016,5.61,5.7048,0.0948,1.69,0.0948,Bueno (≤10%)
México,Algodón,2017,3.33,2.9545,0.3755,11.28,-0.3755,Aceptable (10–25%)
México,Maíz,2017,9.91,6.8981,3.0119,30.39,-3.0119,Mejorable (>25%)
México,Cebada,2017,2.76,3.6468,0.8868,32.13,0.8868,Mejorable (>25%)
México,Caña de azúcar,2017,126.18,96.7341,29.4459,23.34,-29.4459,Aceptable (10–25%)
México,Café,2017,1.78,1.4339,0.3461,19.44,-0.3461,Aceptable (10–25%)
México,Trigo,2017,2.43,4.8017,2.3717,97.6,2.3717,Mejorable (>25%)
México,Soja,2017,3.82,3.5176,0.3024,7.92,-0.3024,Bueno (≤10%)
México,Arroz,2017,6.9,5.8852,1.0148,14.71,-1.0148,Aceptable (10–25%)
México,Algodón,2018,1.95,2.5709,0.6209,31.84,0.6209,Mejorable (>25%)
México,Maíz,2018,3.28,6.2622,2.9822,90.92,2.9822,Mejorable (>25%)
México,Cebada,2018,3.58,4.1688,0.5888,16.45,0.5888,Aceptable (10–25%)
México,Caña de azúcar,2018,70.88,77.158,6.278,8.86,6.278,Bueno (≤10%)
México,Café,2018,1.01,1.3103,0.3003,29.74,0.3003,Mejorable (>25%)
México,Trigo,2018,7.08,5.4052,1.6748,23.66,-1.6748,Aceptable (10–25%)
México,Soja,2018,3.07,3.5146,0.4446,14.48,0.4446,Aceptable (10–25%)
México,Arroz,2018,5.88,5.2751,0.6049,10.29,-0.6049,Aceptable (10–25%)
México,Algodón,2019,3.77,3.0453,0.7247,19.22,-0.7247,Aceptable (10–25%)
México,Maíz,2019,7.28,6.4998,0.7802,10.72,-0.7802,Aceptable (10–25%)
México,Cebada,2019,5.18,4.5729,0.6071,11.72,-0.6071,Aceptable (10–25%)
México,Caña de azúcar,2019,76.58,82.0593,5.4793,7.16,5.4793,Bueno (≤10%)
México,Café,2019,1.35,1.4279,0.0779,5.77,0.0779,Bueno (≤10%)
México,Trigo,2019,4.55,5.1531,0.6031,13.25,0.6031,Aceptable (10–25%)
México,Soja,2019,4.76,3.7612,0.9988,20.98,-0.9988,Aceptable (10–25%)
México,Arroz,2019,6.02,5.4593,0.5607,9.31,-0.5607,Bueno (≤10%)
México,Algodón,2020,2.49,2.6581,0.1681,6.75,0.1681,Bueno (≤10%)
México,Maíz,2020,10.62,7.0796,3.5404,33.34,-3.5404,Mejorable (>25%)
México,Cebada,2020,5.11,4.3608,0.7492,14.66,-0.7492,Aceptable (10–25%)
México,Caña de azúcar,2020,73.9,80.1856,6.2856,8.51,6.2856,Bueno (≤10%)
México,Café,2020,1.33,1.4335,0.1035,7.78,0.1035,Bueno (≤10%)
México,Trigo,2020,6.07,5.3915,0.6785,11.18,-0.6785,Aceptable (10–25%)
México,Soja,2020,4.36,3.7035,0.6565,15.06,-0.6565,Aceptable (10–25%)
México,Arroz,2020,5.85,5.6335,0.2165,3.7,-0.2165,Bueno (≤10%)
Kenia,Caña de azúcar,2011,73.18,74.1941,1.0141,1.39,1.0141,Bueno (≤10%)
Kenia,Trigo,2011,6.87,5.7796,1.0904,15.87,-1.0904,Aceptable (10–25%)
Kenia,Cebada,2011,4.62,4.0126,0.6074,13.15,-0.6074,Aceptable (10–25%)
Kenia,Arroz,2011,7.44,6.4163,1.0237,13.76,-1.0237,Aceptable (10–25%)
Kenia,Maíz,2011,4.93,5.6901,0.7601,15.42,0.7601,Aceptable (10–25%)
Kenia,Té,2011,1.54,1.8927,0.3527,22.9,0.3527,Aceptable (10–25%)
Kenia,Girasol,2011,2.54,2.5207,0.0193,0.76,-0.0193,Bueno (≤10%)
Kenia,Café,2011,1.37,1.2376,0.1324,9.67,-0.1324,Bueno (≤10%)
Kenia,Caña de azúcar,2012,90.22,80.0661,10.1539,11.25,-10.1539,Aceptable (10–25%)
Kenia,Trigo,2012,5.51,5.4441,0.0659,1.2,-0.0659,Bueno (≤10%)
Kenia,Cebada,2012,5.26,4.4425,0.8175,15.54,-0.8175,Aceptable (10–25%)
Kenia,Arroz,2012,6.2,5.7633,0.4367,7.04,-0.4367,Bueno (≤10%)
Kenia,Maíz,2012,5.0,5.3525,0.3525,7.05,0.3525,Bueno (≤10%)
Kenia,Té,2012,1.65,1.7774,0.1274,7.72,0.1274,Bueno (≤10%)
Kenia,Girasol,2012,1.66,2.4135,0.7535,45.39,0.7535,Mejorable (>25%)
Kenia,Café,2012,1.47,1.399,0.071,4.83,-0.071,Bueno (≤10%)
Kenia,Caña de azúcar,2013,92.28,85.5241,6.7559,7.32,-6.7559,Bueno (≤10%)
Kenia,Trigo,2013,6.73,5.8277,0.9023,13.41,-0.9023,Aceptable (10–25%)
Kenia,Cebada,2013,3.3,3.8802,0.5802,17.58,0.5802,Aceptable (10–25%)
Kenia,Arroz,2013,6.35,6.3172,0.0328,0.52,-0.0328,Bueno (≤10%)
Kenia,Maíz,2013,9.38,5.9414,3.4386,36.66,-3.4386,Mejorable (>25%)
Kenia,Té,2013,2.33,2.1512,0.1788,7.67,-0.1788,Bueno (≤10%)
Kenia,Girasol,2013,2.9,2.7306,0.1694,5.84,-0.1694,Bueno (≤10%)
Kenia,Café,2013,1.3,1.4184,0.1184,9.11,0.1184,Bueno (≤10%)
Kenia,Caña de azúcar,2014,75.18,82.6279,7.4479,9.91,7.4479,Bueno (≤10%)
Kenia,Trigo,2014,5.6,5.9838,0.3838,6.85,0.3838,Bueno (≤10%)
Kenia,Cebada,2014,4.05,4.3258,0.2758,6.81,0.2758,Bueno (≤10%)
Kenia,Arroz,2014,7.44,6.1819,1.2581,16.91,-1.2581,Aceptable (10–25%)
Kenia,Maíz,2014,3.56,5.3872,1.8272,51.33,1.8272,Mejorable (>25%)
Kenia,Té,2014,1.72,1.933,0.213,12.38,0.213,Aceptable (10–25%)
Kenia,Girasol,2014,3.62,2.7564,0.8636,23.86,-0.8636,Aceptable (10–25%)
Kenia,Café,2014,1.75,1.3432,0.4068,23.24,-0.4068,Aceptable (10–25%)
Kenia,Caña de azúcar,2015,72.14,83.1328,10.9928,15.24,10.9928,Aceptable (10–25%)
Kenia,Trigo,2015,3.68,4.6823,1.0023,27.24,1.0023,Mejorable (>25%)
Kenia,Cebada,2015,5.2,4.0866,1.1134,21.41,-1.1134,Aceptable (10–25%)
Kenia,Arroz,2015,4.3,5.2199,0.9199,21.39,0.9199,Aceptable (10–25%)
Kenia,Maíz,2015,2.87,5.1245,2.2545,78.56,2.2545,Mejorable (>25%)
Kenia,Té,2015,2.84,2.1294,0.7106,25.02,-0.7106,Mejorable (>25%)
Kenia,Girasol,2015,3.21,2.6581,0.5519,17.19,-0.5519,Aceptable (10–25%)
Kenia,Café,2015,2.16,1.6103,0.5497,25.45,-0.5497,Mejorable (>25%)
Kenia,Caña de azúcar,2016,101.68,91.142,10.538,10.36,-10.538,Aceptable (10–25%)
Kenia,Trigo,2016,4.42,4.843,0.423,9.57,0.423,Bueno (≤10%)
Kenia,Cebada,2016,3.89,3.9395,0.0495,1.27,0.0495,Bueno (≤10%)
Kenia,Arroz,2016,4.5,5.0398,0.5398,11.99,0.5398,Aceptable (10–25%)
Kenia,Maíz,2016,7.52,6.332,1.188,15.8,-1.188,Aceptable (10–25%)
Kenia,Té,2016,1.68,2.039,0.359,21.37,0.359,Aceptable (10–25%)
Kenia,Girasol,2016,2.09,2.5377,0.4477,21.42,0.4477,Aceptable (10–25%)
Kenia,Café,2016,2.03,1.4783,0.5517,27.18,-0.5517,Mejorable (>25%)
Kenia,Caña de azúcar,2017,94.7,83.4864,11.2136,11.84,-11.2136,Aceptable (10–25%)
Kenia,Trigo,2017,5.06,5.3215,0.2615,5.17,0.2615,Bueno (≤10%)
Kenia,Cebada,2017,5.18,4.5352,0.6448,12.45,-0.6448,Aceptable (10–25%)
Kenia,Arroz,2017,6.2,5.5349,0.6651,10.73,-0.6651,Aceptable (10–25%)
Kenia,Maíz,2017,7.56,5.8242,1.7358,22.96,-1.7358,Aceptable (10–25%)
Kenia,Té,2017,2.05,1.9718,0.0782,3.81,-0.0782,Bueno (≤10%)
Kenia,Girasol,2017,3.46,2.815,0.645,18.64,-0.645,Aceptable (10–25%)
Kenia,Café,2017,0.94,1.1317,0.1917,20.39,0.1917,Aceptable (10–25%)
Kenia,Caña de azúcar,2018,103.71,84.0626,19.6474,18.94,-19.6474,Aceptable (10–25%)
Kenia,Trigo,2018,7.5,6.042,1.458,19.44,-1.458,Aceptable (10–25%)
Kenia,Cebada,2018,3.31,4.0952,0.7852,23.72,0.7852,Aceptable (10–25%)
Kenia,Arroz,2018,3.59,5.1945,1.6045,44.69,1.6045,Mejorable (>25%)
Kenia,Maíz,2018,4.08,5.5817,1.5017,36.81,1.5017,Mejorable (>25%)
Kenia,Té,2018,1.0,1.7114,0.7114,71.14,0.7114,Mejorable (>25%)
Kenia,Girasol,2018,1.52,2.3258,0.8058,53.01,0.8058,Mejorable (>25%)
Kenia,Café,2018,0.58,1.2168,0.6368,109.79,0.6368,Mejorable (>25%)
Kenia,Caña de azúcar,2019,75.82,75.1464,0.6736,0.89,-0.6736,Bueno (≤10%)
Kenia,Trigo,2019,2.1,4.2703,2.1703,103.35,2.1703,Mejorable (>25%)
Kenia,Cebada,2019,2.69,3.6191,0.9291,34.54,0.9291,Mejorable (>25%)
Kenia,Arroz,2019,4.85,4.9377,0.0877,1.81,0.0877,Bueno (≤10%)
Kenia,Maíz,2019,6.95,6.388,0.562,8.09,-0.562,Bueno (≤10%)
Kenia,Té,2019,3.2,2.1146,1.0854,33.92,-1.0854,Mejorable (>25%)
Kenia,Girasol,2019,1.58,2.4081,0.8281,52.41,0.8281,Mejorable (>25%)
Kenia,Café,2019,2.1,1.5053,0.5947,28.32,-0.5947,Mejorable (>25%)
Kenia,Caña de azúcar,2020,58.47,74.2407,15.7707,26.97,15.7707,Mejorable (>25%)
Kenia,Trigo,2020,7.58,5.4527,2.1273,28.06,-2.1273,Mejorable (>25%)
Kenia,Cebada,2020,3.02,3.5453,0.5253,17.39,0.5253,Aceptable (10–25%)
Kenia,Arroz,2020,6.83,6.1125,0.7175,10.51,-0.7175,Aceptable (10–25%)
Kenia,Maíz,2020,7.47,6.2619,1.2081,16.17,-1.2081,Aceptable (10–25%)
Kenia,Té,2020,2.67,2.0757,0.5943,22.26,-0.5943,Aceptable (10–25%)
Kenia,Girasol,2020,3.64,2.9048,0.7352,20.2,-0.7352,Aceptable (10–25%)
Kenia,Café,2020,1.15,1.176,0.026,2.26,0.026,Bueno (≤10%)
Nueva Zelanda,Girasol,2011,3.11,2.5865,0.5235,16.83,-0.5235,Aceptable (10–25%)
Nueva Zelanda,Caña de azúcar,2011,70.36,81.7248,11.3648,16.15,11.3648,Aceptable (10–25%)
Nueva Zelanda,Café,2011,0.62,1.2158,0.5958,96.1,0.5958,Mejorable (>25%)
Nueva Zelanda,Cebada,2011,5.56,4.2793,1.2807,23.03,-1.2807,Aceptable (10–25%)
Nueva Zelanda,Algodón,2011,3.36,2.5314,0.8286,24.66,-0.8286,Aceptable (10–25%)
Nueva Zelanda,Maíz,2011,8.51,6.1749,2.3351,27.44,-2.3351,Mejorable (>25%)
Nueva Zelanda,Arroz,2011,4.06,4.7651,0.7051,17.37,0.7051,Aceptable (10–25%)
Nueva Zelanda,Trigo,2011,4.54,3.8451,0.6949,15.31,-0.6949,Aceptable (10–25%)
Nueva Zelanda,Girasol,2012,1.77,2.3764,0.6064,34.26,0.6064,Mejorable (>25%)
Nueva Zelanda,Caña de azúcar,2012,72.11,81.4849,9.3749,13.0,9.3749,Aceptable (10–25%)
Nueva Zelanda,Café,2012,1.14,1.4561,0.3161,27.73,0.3161,Mejorable (>25%)
Nueva Zelanda,Cebada,2012,3.11,3.6911,0.5811,18.69,0.5811,Aceptable (10–25%)
Nueva Zelanda,Algodón,2012,4.71,2.6263,2.0837,44.24,-2.0837,Mejorable (>25%)
Nueva Zelanda,Maíz,2012,4.51,5.9026,1.3926,30.88,1.3926,Mejorable (>25%)
Nueva Zelanda,Arroz,2012,5.82,4.8459,0.9741,16.74,-0.9741,Aceptable (10–25%)
Nueva Zelanda,Trigo,2012,6.2,4.3833,1.8167,29.3,-1.8167,Mejorable (>25%)
Nueva Zelanda,Girasol,2013,3.3,2.4758,0.8242,24.98,-0.8242,Aceptable (10–25%)
Nueva Zelanda,Caña de azúcar,2013,89.12,84.6765,4.4435,4.99,-4.4435,Bueno (≤10%)
Nueva Zelanda,Café,2013,2.47,1.5431,0.9269,37.52,-0.9269,Mejorable (>25%)
Nueva Zelanda,Cebada,2013,4.5,4.0775,0.4225,9.39,-0.4225,Bueno (≤10%)
Nueva Zelanda,Algodón,2013,1.51,1.9685,0.4585,30.36,0.4585,Mejorable (>25%)
Nueva Zelanda,Maíz,2013,3.92,5.8588,1.9388,49.46,1.9388,Mejorable (>25%)
Nueva Zelanda,Arroz,2013,4.88,5.1511,0.2711,5.56,0.2711,Bueno (≤10%)
Nueva Zelanda,Trigo,2013,3.87,4.3337,0.4637,11.98,0.4637,Aceptable (10–25%)
Nueva Zelanda,Girasol,2014,1.75,2.4687,0.7187,41.07,0.7187,Mejorable (>25%)
Nueva Zelanda,Caña de azúcar,2014,70.25,76.5507,6.3007,8.97,6.3007,Bueno (≤10%)
Nueva Zelanda,Café,2014,1.25,1.2471,0.0029,0.23,-0.0029,Bueno (≤10%)
Nueva Zelanda,Cebada,2014,4.1,3.6686,0.4314,10.52,-0.4314,Aceptable (10–25%)
Nueva Zelanda,Algodón,2014,1.14,1.8437,0.7037,61.73,0.7037,Mejorable (>25%)
Nueva Zelanda,Maíz,2014,6.61,6.1325,0.4775,7.22,-0.4775,Bueno (≤10%)
Nueva Zelanda,Arroz,2014,6.16,5.497,0.663,10.76,-0.663,Aceptable (10–25%)
Nueva Zelanda,Trigo,2014,2.01,3.5499,1.5399,76.61,1.5399,Mejorable (>25%)
Nueva Zelanda,Girasol,2015,2.13,2.3756,0.2456,11.53,0.2456,Aceptable (10–25%)
Nueva Zelanda,Caña de azúcar,2015,87.78,80.3586,7.4214,8.45,-7.4214,Bueno (≤10%)
Nueva Zelanda,Café,2015,0.87,1.4826,0.6126,70.42,0.6126,Mejorable (>25%)
Nueva Zelanda,Cebada,2015,5.27,3.9419,1.3281,25.2,-1.3281,Mejorable (>25%)
Nueva Zelanda,Algodón,2015,2.22,2.3512,0.1312,5.91,0.1312,Bueno (≤10%)
Nueva Zelanda,Maíz,2015,3.53,5.9682,2.4382,69.07,2.4382,Mejorable (>25%)
Nueva Zelanda,Arroz,2015,7.17,4.9911,2.1789,30.39,-2.1789,Mejorable (>25%)
Nueva Zelanda,Trigo,2015,2.01,3.2895,1.2795,63.66,1.2795,Mejorable (>25%)
Nueva Zelanda,Girasol,2016,2.28,2.5306,0.2506,10.99,0.2506,Aceptable (10–25%)
Nueva Zelanda,Caña de azúcar,2016,65.93,73.5845,7.6545,11.61,7.6545,Aceptable (10–25%)
Nueva Zelanda,Café,2016,1.86,1.3526,0.5074,27.28,-0.5074,Mejorable (>25%)
Nueva Zelanda,Cebada,2016,3.9,4.0045,0.1045,2.68,0.1045,Bueno (≤10%)
Nueva Zelanda,Algodón,2016,2.2,2.0,0.2,9.09,-0.2,Bueno (≤10%)
Nueva Zelanda,Maíz,2016,4.89,5.3924,0.5024,10.27,0.5024,Aceptable (10–25%)
Nueva Zelanda,Arroz,2016,4.17,5.234,1.064,25.52,1.064,Mejorable (>25%)
Nueva Zelanda,Trigo,2016,5.82,4.4205,1.3995,24.05,-1.3995,Aceptable (10–25%)
Nueva Zelanda,Girasol,2017,4.23,2.8402,1.3898,32.86,-1.3898,Mejorable (>25%)
Nueva Zelanda,Caña de azúcar,2017,101.52,84.7342,16.7858,16.53,-16.7858,Aceptable (10–25%)
Nueva Zelanda,Café,2017,2.27,1.5994,0.6706,29.54,-0.6706,Mejorable (>25%)
Nueva Zelanda,Cebada,2017,3.63,3.8581,0.2281,6.28,0.2281,Bueno (≤10%)
Nueva Zelanda,Algodón,2017,1.71,2.3962,0.6862,40.13,0.6862,Mejorable (>25%)
Nueva Zelanda,Maíz,2017,9.85,6.8254,3.0246,30.71,-3.0246,Mejorable (>25%)
Nueva Zelanda,Arroz,2017,6.02,5.198,0.822,13.66,-0.822,Aceptable (10–25%)
Nueva Zelanda,Trigo,2017,3.71,3.7749,0.0649,1.75,0.0649,Bueno (≤10%)
Nueva Zelanda,Girasol,2018,2.72,2.5409,0.1791,6.59,-0.1791,Bueno (≤10%)
Nueva Zelanda,Caña de azúcar,2018,100.55,82.4474,18.1026,18.0,-18.1026,Aceptable (10–25%)
Nueva Zelanda,Café,2018,1.44,1.5437,0.1037,7.2,0.1037,Bueno (≤10%)
Nueva Zelanda,Cebada,2018,2.33,3.3541,1.0241,43.95,1.0241,Mejorable (>25%)
Nueva Zelanda,Algodón,2018,1.37,2.0061,0.6361,46.43,0.6361,Mejorable (>25%)
Nueva Zelanda,Maíz,2018,8.46,6.7948,1.6652,19.68,-1.6652,Aceptable (10–25%)
Nueva Zelanda,Arroz,2018,5.62,4.9035,0.7165,12.75,-0.7165,Aceptable (10–25%)
Nueva Zelanda,Trigo,2018,2.36,3.2627,0.9027,38.25,0.9027,Mejorable (>25%)
Nueva Zelanda,Girasol,2019,3.17,2.8179,0.3521,11.11,-0.3521,Aceptable (10–25%)
Nueva Zelanda,Caña de azúcar,2019,66.35,80.7128,14.3628,21.65,14.3628,Aceptable (10–25%)
Nueva Zelanda,Café,2019,1.49,1.5632,0.0732,4.91,0.0732,Bueno (≤10%)
Nueva Zelanda,Cebada,2019,2.88,3.8029,0.9229,32.05,0.9229,Mejorable (>25%)
Nueva Zelanda,Algodón,2019,3.62,2.5337,1.0863,30.01,-1.0863,Mejorable (>25%)
Nueva Zelanda,Maíz,2019,7.78,6.4737,1.3063,16.79,-1.3063,Aceptable (10–25%)
Nueva Zelanda,Arroz,2019,4.9,5.1752,0.2752,5.62,0.2752,Bueno (≤10%)
Nueva Zelanda,Trigo,2019,2.64,3.5561,0.9161,34.7,0.9161,Mejorable (>25%)
Nueva Zelanda,Girasol,2020,2.35,2.6356,0.2856,12.15,0.2856,Aceptable (10–25%)
Nueva Zelanda,Caña de azúcar,2020,77.25,74.6532,2.5968,3.36,-2.5968,Bueno (≤10%)
Nueva Zelanda,Café,2020,1.63,1.5234,0.1066,6.54,-0.1066,Bueno (≤10%)
Nueva Zelanda,Cebada,2020,4.04,3.978,0.062,1.53,-0.062,Bueno (≤10%)
Nueva Zelanda,Algodón,2020,2.4,2.2257,0.1743,7.26,-0.1743,Bueno (≤10%)
Nueva Zelanda,Maíz,2020,5.65,6.4804,0.8304,14.7,0.8304,Aceptable (10–25%)
Nueva Zelanda,Arroz,2020,4.56,4.8434,0.2834,6.21,0.2834,Bueno (≤10%)
Nueva Zelanda,Trigo,2020,6.75,4.334,2.416,35.79,-2.416,Mejorable (>25%)
España,Té,2011,2.3,2.1558,0.1442,6.27,-0.1442,Bueno (≤10%)
España,Café,2011,1.04,1.4589,0.4189,40.28,0.4189,Mejorable (>25%)
España,Soja,2011,2.81,3.0781,0.2681,9.54,0.2681,Bueno (≤10%)
España,Cebada,2011,7.65,4.6598,2.9902,39.09,-2.9902,Mejorable (>25%)
España,Girasol,2011,2.79,2.4268,0.3632,13.02,-0.3632,Aceptable (10–25%)
España,Algodón,2011,1.75,2.3525,0.6025,34.43,0.6025,Mejorable (>25%)
España,Trigo,2011,7.96,5.0673,2.8927,36.34,-2.8927,Mejorable (>25%)
España,Caña de azúcar,2011,68.0,71.6112,3.6112,5.31,3.6112,Bueno (≤10%)
España,Té,2012,2.05,2.1306,0.0806,3.93,0.0806,Bueno (≤10%)
España,Café,2012,1.27,1.2563,0.0137,1.08,-0.0137,Bueno (≤10%)
España,Soja,2012,3.7,3.0581,0.6419,17.35,-0.6419,Aceptable (10–25%)
España,Cebada,2012,5.43,4.8369,0.5931,10.92,-0.5931,Aceptable (10–25%)
España,Girasol,2012,2.07,2.3416,0.2716,13.12,0.2716,Aceptable (10–25%)
España,Algodón,2012,2.41,2.4258,0.0158,0.65,0.0158,Bueno (≤10%)
España,Trigo,2012,3.88,5.6123,1.7323,44.65,1.7323,Mejorable (>25%)
España,Caña de azúcar,2012,116.51,88.2623,28.2477,24.24,-28.2477,Aceptable (10–25%)
España,Té,2013,1.19,2.0006,0.8106,68.12,0.8106,Mejorable (>25%)
España,Café,2013,0.78,1.4423,0.6623,84.92,0.6623,Mejorable (>25%)
España,Soja,2013,3.81,3.2546,0.5554,14.58,-0.5554,Aceptable (10–25%)
España,Cebada,2013,3.24,4.3288,1.0888,33.61,1.0888,Mejorable (>25%)
España,Girasol,2013,1.86,2.223,0.363,19.52,0.363,Aceptable (10–25%)
España,Algodón,2013,2.55,2.4054,0.1446,5.67,-0.1446,Bueno (≤10%)
España,Trigo,2013,7.06,5.8875,1.1725,16.61,-1.1725,Aceptable (10–25%)
España,Caña de azúcar,2013,80.24,84.4357,4.1957,5.23,4.1957,Bueno (≤10%)
España,Té,2014,1.48,1.976,0.496,33.51,0.496,Mejorable (>25%)
España,Café,2014,1.38,1.4917,0.1117,8.09,0.1117,Bueno (≤10%)
España,Soja,2014,1.99,2.959,0.969,48.69,0.969,Mejorable (>25%)
España,Cebada,2014,5.63,4.8127,0.8173,14.52,-0.8173,Aceptable (10–25%)
España,Girasol,2014,2.75,2.1862,0.5638,20.5,-0.5638,Aceptable (10–25%)
España,Algodón,2014,1.38,2.0056,0.6256,45.33,0.6256,Mejorable (>25%)
España,Trigo,2014,2.25,4.9167,2.6667,118.52,2.6667,Mejorable (>25%)
España,Caña de azúcar,2014,62.69,76.4661,13.7761,21.97,13.7761,Aceptable (10–25%)
España,Té,2015,2.95,2.0549,0.8951,30.34,-0.8951,Mejorable (>25%)
España,Café,2015,2.1,1.5649,0.5351,25.48,-0.5351,Mejorable (>25%)
España,Soja,2015,2.94,3.2483,0.3083,10.49,0.3083,Aceptable (10–25%)
España,Cebada,2015,5.13,4.7834,0.3466,6.76,-0.3466,Bueno (≤10%)
España,Girasol,2015,2.51,2.3252,0.1848,7.36,-0.1848,Bueno (≤10%)
España,Algodón,2015,2.22,2.1862,0.0338,1.52,-0.0338,Bueno (≤10%)
España,Trigo,2015,7.83,5.7662,2.0638,26.36,-2.0638,Mejorable (>25%)
España,Caña de azúcar,2015,104.68,83.9438,20.7362,19.81,-20.7362,Aceptable (10–25%)
España,Té,2016,2.8,2.2655,0.5345,19.09,-0.5345,Aceptable (10–25%)
España,Café,2016,1.19,1.4662,0.2762,23.21,0.2762,Aceptable (10–25%)
España,Soja,2016,3.16,3.0916,0.0684,2.16,-0.0684,Bueno (≤10%)
España,Cebada,2016,3.16,4.7584,1.5984,50.58,1.5984,Mejorable (>25%)
España,Girasol,2016,2.65,2.5112,0.1388,5.24,-0.1388,Bueno (≤10%)
España,Algodón,2016,3.11,2.3578,0.7522,24.19,-0.7522,Aceptable (10–25%)
España,Trigo,2016,6.65,5.3633,1.2867,19.35,-1.2867,Aceptable (10–25%)
España,Caña de azúcar,2016,59.79,73.9315,14.1415,23.65,14.1415,Aceptable (10–25%)
España,Té,2017,2.69,2.1262,0.5638,20.96,-0.5638,Aceptable (10–25%)
España,Café,2017,1.07,1.3182,0.2482,23.19,0.2482,Aceptable (10–25%)
España,Soja,2017,4.13,3.43,0.7,16.95,-0.7,Aceptable (10–25%)
España,Cebada,2017,4.25,4.8814,0.6314,14.86,0.6314,Aceptable (10–25%)
España,Girasol,2017,1.59,2.145,0.555,34.91,0.555,Mejorable (>25%)
España,Algodón,2017,2.17,2.2624,0.0924,4.26,0.0924,Bueno (≤10%)
España,Trigo,2017,3.53,4.6589,1.1289,31.98,1.1289,Mejorable (>25%)
España,Caña de azúcar,2017,85.5,88.3311,2.8311,3.31,2.8311,Bueno (≤10%)
España,Té,2018,3.61,2.1218,1.4882,41.22,-1.4882,Mejorable (>25%)
España,Café,2018,1.85,1.567,0.283,15.3,-0.283,Aceptable (10–25%)
España,Soja,2018,2.69,3.027,0.337,12.53,0.337,Aceptable (10–25%)
España,Cebada,2018,5.75,4.6082,1.1418,19.86,-1.1418,Aceptable (10–25%)
España,Girasol,2018,2.45,2.4306,0.0194,0.79,-0.0194,Bueno (≤10%)
España,Algodón,2018,2.96,2.6372,0.3228,10.91,-0.3228,Aceptable (10–25%)
España,Trigo,2018,8.37,6.0476,2.3224,27.75,-2.3224,Mejorable (>25%)
España,Caña de azúcar,2018,61.49,73.6296,12.1396,19.74,12.1396,Aceptable (10–25%)
España,Té,2019,0.99,1.8246,0.8346,84.3,0.8346,Mejorable (>25%)
España,Café,2019,2.43,1.6975,0.7325,30.14,-0.7325,Mejorable (>25%)
España,Soja,2019,2.54,3.1362,0.5962,23.47,0.5962,Aceptable (10–25%)
España,Cebada,2019,3.27,4.3316,1.0616,32.46,1.0616,Mejorable (>25%)
España,Girasol,2019,3.95,2.7104,1.2396,31.38,-1.2396,Mejorable (>25%)
España,Algodón,2019,2.5,2.4525,0.0475,1.9,-0.0475,Bueno (≤10%)
España,Trigo,2019,7.44,5.8827,1.5573,20.93,-1.5573,Aceptable (10–25%)
España,Caña de azúcar,2019,67.71,84.1011,16.3911,24.21,16.3911,Aceptable (10–25%)
España,Té,2020,1.27,1.92,0.65,51.18,0.65,Mejorable (>25%)
España,Café,2020,2.21,1.6489,0.5611,25.39,-0.5611,Mejorable (>25%)
España,Soja,2020,4.67,3.4355,1.2345,26.43,-1.2345,Mejorable (>25%)
España,Cebada,2020,5.49,4.5183,0.9717,17.7,-0.9717,Aceptable (10–25%)
España,Girasol,2020,2.1,2.3861,0.2861,13.62,0.2861,Aceptable (10–25%)
España,Algodón,2020,4.21,2.8429,1.3671,32.47,-1.3671,Mejorable (>25%)
España,Trigo,2020,1.88,4.4736,2.5936,137.96,2.5936,Mejorable (>25%)
España,Caña de azúcar,2020,123.1,80.3477,42.7523,34.73,-42.7523,Mejorable (>25%)
Italia,Algodón,2011,2.38,1.8976,0.4824,20.27,-0.4824,Aceptable (10–25%)
Italia,Arroz,2011,4.76,5.3301,0.5701,11.98,0.5701,Aceptable (10–25%)
Italia,Cebada,2011,4.36,3.9769,0.3831,8.79,-0.3831,Bueno (≤10%)
Italia,Maíz,2011,9.61,6.1796,3.4304,35.7,-3.4304,Mejorable (>25%)
Italia,Té,2011,3.0,1.8502,1.1498,38.33,-1.1498,Mejorable (>25%)
Italia,Caña de azúcar,2011,109.59,93.0588,16.5312,15.08,-16.5312,Aceptable (10–25%)
Italia,Trigo,2011,3.97,4.9112,0.9412,23.71,0.9412,Aceptable (10–25%)
Italia,Soja,2011,3.25,3.0037,0.2463,7.58,-0.2463,Bueno (≤10%)
Italia,Algodón,2012,3.89,2.1778,1.7122,44.01,-1.7122,Mejorable (>25%)
Italia,Arroz,2012,4.01,4.9,0.89,22.19,0.89,Aceptable (10–25%)
Italia,Cebada,2012,2.99,3.7519,0.7619,25.48,0.7619,Mejorable (>25%)
Italia,Maíz,2012,3.35,5.4868,2.1368,63.78,2.1368,Mejorable (>25%)
Italia,Té,2012,1.74,1.8741,0.1341,7.7,0.1341,Bueno (≤10%)
Italia,Caña de azúcar,2012,81.97,92.5558,10.5858,12.91,10.5858,Aceptable (10–25%)
Italia,Trigo,2012,4.45,5.1741,0.7241,16.27,0.7241,Aceptable (10–25%)
Italia,Soja,2012,2.46,3.0948,0.6348,25.81,0.6348,Mejorable (>25%)
Italia,Algodón,2013,1.38,1.8432,0.4632,33.57,0.4632,Mejorable (>25%)
Italia,Arroz,2013,8.51,5.5949,2.9151,34.26,-2.9151,Mejorable (>25%)
Italia,Cebada,2013,4.92,4.1781,0.7419,15.08,-0.7419,Aceptable (10–25%)
Italia,Maíz,2013,5.9,5.6692,0.2308,3.91,-0.2308,Bueno (≤10%)
Italia,Té,2013,1.19,1.8637,0.6737,56.62,0.6737,Mejorable (>25%)
Italia,Caña de azúcar,2013,76.27,90.7478,14.4778,18.98,14.4778,Aceptable (10–25%)
Italia,Trigo,2013,3.12,4.2944,1.1744,37.64,1.1744,Mejorable (>25%)
Italia,Soja,2013,3.95,3.2961,0.6539,16.55,-0.6539,Aceptable (10–25%)
Italia,Algodón,2014,0.86,1.5762,0.7162,83.28,0.7162,Mejorable (>25%)
Italia,Arroz,2014,6.85,5.6055,1.2445,18.17,-1.2445,Aceptable (10–25%)
Italia,Cebada,2014,5.0,4.237,0.763,15.26,-0.763,Aceptable (10–25%)
Italia,Maíz,2014,7.71,6.0233,1.6867,21.88,-1.6867,Aceptable (10–25%)
Italia,Té,2014,1.36,1.8021,0.4421,32.51,0.4421,Mejorable (>25%)
Italia,Caña de azúcar,2014,74.03,79.5224,5.4924,7.42,5.4924,Bueno (≤10%)
Italia,Trigo,2014,2.17,4.1514,1.9814,91.31,1.9814,Mejorable (>25%)
Italia,Soja,2014,2.89,2.9787,0.0887,3.07,0.0887,Bueno (≤10%)
Italia,Algodón,2015,1.31,1.7614,0.4514,34.46,0.4514,Mejorable (>25%)
Italia,Arroz,2015,7.36,5.8096,1.5504,21.07,-1.5504,Aceptable (10–25%)
Italia,Cebada,2015,3.71,3.783,0.073,1.97,0.073,Bueno (≤10%)
Italia,Maíz,2015,3.5,5.1405,1.6405,46.87,1.6405,Mejorable (>25%)
Italia,Té,2015,2.24,1.8335,0.4065,18.15,-0.4065,Aceptable (10–25%)
Italia,Caña de azúcar,2015,116.94,98.7134,18.2266,15.59,-18.2266,Aceptable (10–25%)
Italia,Trigo,2015,5.37,4.7878,0.5822,10.84,-0.5822,Aceptable (10–25%)
Italia,Soja,2015,2.98,3.2088,0.2288,7.68,0.2288,Bueno (≤10%)
Italia,Algodón,2016,1.91,1.8739,0.0361,1.89,-0.0361,Bueno (≤10%)
Italia,Arroz,2016,4.92,5.4091,0.4891,9.94,0.4891,Bueno (≤10%)
Italia,Cebada,2016,4.52,4.3006,0.2194,4.85,-0.2194,Bueno (≤10%)
Italia,Maíz,2016,5.05,5.46,0.41,8.12,0.41,Bueno (≤10%)
Italia,Té,2016,3.25,1.9379,1.3121,40.37,-1.3121,Mejorable (>25%)
Italia,Caña de azúcar,2016,114.03,101.0528,12.9772,11.38,-12.9772,Aceptable (10–25%)
Italia,Trigo,2016,5.13,4.8517,0.2783,5.43,-0.2783,Bueno (≤10%)
Italia,Soja,2016,2.85,3.1433,0.2933,10.29,0.2933,Aceptable (10–25%)
Italia,Algodón,2017,1.74,1.9023,0.1623,9.33,0.1623,Bueno (≤10%)
Italia,Arroz,2017,3.41,5.0604,1.6504,48.4,1.6504,Mejorable (>25%)
Italia,Cebada,2017,2.7,3.5712,0.8712,32.27,0.8712,Mejorable (>25%)
Italia,Maíz,2017,8.97,6.1952,2.7748,30.93,-2.7748,Mejorable (>25%)
Italia,Té,2017,2.31,1.9016,0.4084,17.68,-0.4084,Aceptable (10–25%)
Italia,Caña de azúcar,2017,96.7,99.4711,2.7711,2.87,2.7711,Bueno (≤10%)
Italia,Trigo,2017,8.31,5.4478,2.8622,34.44,-2.8622,Mejorable (>25%)
Italia,Soja,2017,3.96,3.434,0.526,13.28,-0.526,Aceptable (10–25%)
Italia,Algodón,2018,1.13,1.7156,0.5856,51.83,0.5856,Mejorable (>25%)
Italia,Arroz,2018,4.93,5.5122,0.5822,11.81,0.5822,Aceptable (10–25%)
Italia,Cebada,2018,3.06,3.7732,0.7132,23.31,0.7132,Aceptable (10–25%)
Italia,Maíz,2018,3.55,5.7936,2.2436,63.2,2.2436,Mejorable (>25%)
Italia,Té,2018,1.23,1.553,0.323,26.26,0.323,Mejorable (>25%)
Italia,Caña de azúcar,2018,75.45,88.3211,12.8711,17.06,12.8711,Aceptable (10–25%)
Italia,Trigo,2018,6.94,5.2064,1.7336,24.98,-1.7336,Aceptable (10–25%)
Italia,Soja,2018,3.05,3.1436,0.0936,3.07,0.0936,Bueno (≤10%)
Italia,Algodón,2019,2.13,1.8041,0.3259,15.3,-0.3259,Aceptable (10–25%)
Italia,Arroz,2019,3.63,4.9208,1.2908,35.56,1.2908,Mejorable (>25%)
Italia,Cebada,2019,6.14,4.2026,1.9374,31.55,-1.9374,Mejorable (>25%)
Italia,Maíz,2019,7.64,5.8733,1.7667,23.12,-1.7667,Aceptable (10–25%)
Italia,Té,2019,1.08,1.5738,0.4938,45.72,0.4938,Mejorable (>25%)
Italia,Caña de azúcar,2019,87.66,80.35,7.31,8.34,-7.31,Bueno (≤10%)
Italia,Trigo,2019,5.37,4.357,1.013,18.86,-1.013,Aceptable (10–25%)
Italia,Soja,2019,3.53,3.1134,0.4166,11.8,-0.4166,Aceptable (10–25%)
Italia,Algodón,2020,1.73,1.842,0.112,6.48,0.112,Bueno (≤10%)
Italia,Arroz,2020,8.68,5.4151,3.2649,37.61,-3.2649,Mejorable (>25%)
Italia,Cebada,2020,2.94,3.6611,0.7211,24.53,0.7211,Aceptable (10–25%)
Italia,Maíz,2020,5.28,5.7651,0.4851,9.19,0.4851,Bueno (≤10%)
Italia,Té,2020,1.61,1.809,0.199,12.36,0.199,Aceptable (10–25%)
Italia,Caña de azúcar,2020,106.53,96.5066,10.0234,9.41,-10.0234,Bueno (≤10%)
Italia,Trigo,2020,3.93,5.0746,1.1446,29.12,1.1446,Mejorable (>25%)
Italia,Soja,2020,3.01,3.2505,0.2405,7.99,0.2405,Bueno (≤10%)
Canadá,Cebada,2011,2.79,3.7662,0.9762,34.99,0.9762,Mejorable (>25%)
Canadá,Soja,2011,4.13,3.5486,0.5814,14.08,-0.5814,Aceptable (10–25%)
Canadá,Girasol,2011,2.51,2.4582,0.0518,2.06,-0.0518,Bueno (≤10%)
Canadá,Maíz,2011,8.24,6.5957,1.6443,19.95,-1.6443,Aceptable (10–25%)
Canadá,Trigo,2011,3.35,4.2332,0.8832,26.36,0.8832,Mejorable (>25%)
Canadá,Té,2011,2.62,2.1974,0.4226,16.13,-0.4226,Aceptable (10–25%)
Canadá,Algodón,2011,1.62,1.9071,0.2871,17.72,0.2871,Aceptable (10–25%)
Canadá,Café,2011,2.07,1.5814,0.4886,23.6,-0.4886,Aceptable (10–25%)
Canadá,Cebada,2012,4.4,4.0265,0.3735,8.49,-0.3735,Bueno (≤10%)
Canadá,Soja,2012,3.15,3.3493,0.1993,6.33,0.1993,Bueno (≤10%)
Canadá,Girasol,2012,1.54,2.2414,0.7014,45.54,0.7014,Mejorable (>25%)
Canadá,Maíz,2012,3.27,6.0239,2.7539,84.22,2.7539,Mejorable (>25%)
Canadá,Trigo,2012,3.47,4.359,0.889,25.62,0.889,Mejorable (>25%)
Canadá,Té,2012,1.86,2.1681,0.3081,16.57,0.3081,Aceptable (10–25%)
Canadá,Algodón,2012,2.3,1.8362,0.4638,20.16,-0.4638,Aceptable (10–25%)
Canadá,Café,2012,1.71,1.4759,0.2341,13.69,-0.2341,Aceptable (10–25%)
Canadá,Cebada,2013,3.77,3.7829,0.0129,0.34,0.0129,Bueno (≤10%)
Canadá,Soja,2013,4.92,3.6585,1.2615,25.64,-1.2615,Mejorable (>25%)
Canadá,Girasol,2013,2.71,2.3602,0.3498,12.91,-0.3498,Aceptable (10–25%)
Canadá,Maíz,2013,6.54,6.5655,0.0255,0.39,0.0255,Bueno (≤10%)
Canadá,Trigo,2013,7.04,5.0995,1.9405,27.56,-1.9405,Mejorable (>25%)
Canadá,Té,2013,2.93,2.2217,0.7083,24.17,-0.7083,Aceptable (10–25%)
Canadá,Algodón,2013,1.76,1.9598,0.1998,11.35,0.1998,Aceptable (10–25%)
Canadá,Café,2013,2.04,1.4035,0.6365,31.2,-0.6365,Mejorable (>25%)
Canadá,Cebada,2014,4.47,3.8385,0.6315,14.13,-0.6315,Aceptable (10–25%)
Canadá,Soja,2014,3.14,3.3308,0.1908,6.08,0.1908,Bueno (≤10%)
Canadá,Girasol,2014,2.1,2.1079,0.0079,0.37,0.0079,Bueno (≤10%)
Canadá,Maíz,2014,6.38,6.5239,0.1439,2.26,0.1439,Bueno (≤10%)
Canadá,Trigo,2014,7.67,5.4848,2.1852,28.49,-2.1852,Mejorable (>25%)
Canadá,Té,2014,1.73,2.038,0.308,17.81,0.308,Aceptable (10–25%)
Canadá,Algodón,2014,0.73,1.7052,0.9752,133.58,0.9752,Mejorable (>25%)
Canadá,Café,2014,0.82,1.3129,0.4929,60.11,0.4929,Mejorable (>25%)
Canadá,Cebada,2015,3.39,3.5788,0.1888,5.57,0.1888,Bueno (≤10%)
Canadá,Soja,2015,2.49,3.3945,0.9045,36.32,0.9045,Mejorable (>25%)
Canadá,Girasol,2015,1.92,2.0259,0.1059,5.52,0.1059,Bueno (≤10%)
Canadá,Maíz,2015,9.6,6.7806,2.8194,29.37,-2.8194,Mejorable (>25%)
Canadá,Trigo,2015,3.69,4.7499,1.0599,28.72,1.0599,Mejorable (>25%)
Canadá,Té,2015,1.96,2.1102,0.1502,7.66,0.1502,Bueno (≤10%)
Canadá,Algodón,2015,2.53,1.9601,0.5699,22.53,-0.5699,Aceptable (10–25%)
Canadá,Café,2015,0.65,1.2912,0.6412,98.65,0.6412,Mejorable (>25%)
Canadá,Cebada,2016,3.18,3.5479,0.3679,11.57,0.3679,Aceptable (10–25%)
Canadá,Soja,2016,3.01,3.2998,0.2898,9.63,0.2898,Bueno (≤10%)
Canadá,Girasol,2016,2.04,2.1968,0.1568,7.69,0.1568,Bueno (≤10%)
Canadá,Maíz,2016,8.51,6.2859,2.2241,26.13,-2.2241,Mejorable (>25%)
Canadá,Trigo,2016,2.7,4.0854,1.3854,51.31,1.3854,Mejorable (>25%)
Canadá,Té,2016,2.8,2.182,0.618,22.07,-0.618,Aceptable (10–25%)
Canadá,Algodón,2016,1.28,1.902,0.622,48.59,0.622,Mejorable (>25%)
Canadá,Café,2016,1.03,1.5471,0.5171,50.21,0.5171,Mejorable (>25%)
Canadá,Cebada,2017,4.07,3.946,0.124,3.05,-0.124,Bueno (≤10%)
Canadá,Soja,2017,2.91,3.3895,0.4795,16.48,0.4795,Aceptable (10–25%)
Canadá,Girasol,2017,2.29,2.1456,0.1444,6.3,-0.1444,Bueno (≤10%)
Canadá,Maíz,2017,4.34,6.0574,1.7174,39.57,1.7174,Mejorable (>25%)
Canadá,Trigo,2017,10.14,5.7101,4.4299,43.69,-4.4299,Mejorable (>25%)
Canadá,Té,2017,1.67,1.976,0.306,18.32,0.306,Aceptable (10–25%)
Canadá,Algodón,2017,3.48,2.2086,1.2714,36.54,-1.2714,Mejorable (>25%)
Canadá,Café,2017,2.26,1.6779,0.5821,25.76,-0.5821,Mejorable (>25%)
Canadá,Cebada,2018,4.24,3.7781,0.4619,10.89,-0.4619,Aceptable (10–25%)
Canadá,Soja,2018,3.56,3.6002,0.0402,1.13,0.0402,Bueno (≤10%)
Canadá,Girasol,2018,2.66,2.5121,0.1479,5.56,-0.1479,Bueno (≤10%)
Canadá,Maíz,2018,5.01,6.7491,1.7391,34.71,1.7391,Mejorable (>25%)
Canadá,Trigo,2018,2.98,4.5955,1.6155,54.21,1.6155,Mejorable (>25%)
Canadá,Té,2018,1.73,2.1138,0.3838,22.19,0.3838,Aceptable (10–25%)
Canadá,Algodón,2018,2.93,2.0344,0.8956,30.57,-0.8956,Mejorable (>25%)
Canadá,Café,2018,1.3,1.5537,0.2537,19.51,0.2537,Aceptable (10–25%)
Canadá,Cebada,2019,5.35,3.8508,1.4992,28.02,-1.4992,Mejorable (>25%)
Canadá,Soja,2019,3.44,3.581,0.141,4.1,0.141,Bueno (≤10%)
Canadá,Girasol,2019,2.11,2.4547,0.3447,16.34,0.3447,Aceptable (10–25%)
Canadá,Maíz,2019,6.36,6.8494,0.4894,7.69,0.4894,Bueno (≤10%)
Canadá,Trigo,2019,7.14,5.6117,1.5283,21.4,-1.5283,Aceptable (10–25%)
Canadá,Té,2019,3.25,2.2749,0.9751,30.0,-0.9751,Mejorable (>25%)
Canadá,Algodón,2019,1.12,1.6509,0.5309,47.4,0.5309,Mejorable (>25%)
Canadá,Café,2019,1.25,1.6111,0.3611,28.89,0.3611,Mejorable (>25%)
Canadá,Cebada,2020,3.9,3.9888,0.0888,2.28,0.0888,Bueno (≤10%)
Canadá,Soja,2020,5.12,3.6239,1.4961,29.22,-1.4961,Mejorable (>25%)
Canadá,Girasol,2020,2.92,2.4074,0.5126,17.55,-0.5126,Aceptable (10–25%)
Canadá,Maíz,2020,10.2,6.3567,3.8433,37.68,-3.8433,Mejorable (>25%)
Canadá,Trigo,2020,4.13,4.4472,0.3172,7.68,0.3172,Bueno (≤10%)
Canadá,Té,2020,1.84,1.9941,0.1541,8.37,0.1541,Bueno (≤10%)
Canadá,Algodón,2020,1.94,1.8102,0.1298,6.69,-0.1298,Bueno (≤10%)
Canadá,Café,2020,2.69,1.6183,1.0717,39.84,-1.0717,Mejorable (>25%)
Rusia,Caña de azúcar,2011,126.01,100.108,25.902,20.56,-25.902,Aceptable (10–25%)
Rusia,Soja,2011,2.62,3.3405,0.7205,27.5,0.7205,Mejorable (>25%)
Rusia,Girasol,2011,2.99,2.225,0.765,25.58,-0.765,Mejorable (>25%)
Rusia,Algodón,2011,1.95,2.2426,0.2926,15.0,0.2926,Aceptable (10–25%)
Rusia,Café,2011,0.63,1.1892,0.5592,88.76,0.5592,Mejorable (>25%)
Rusia,Cebada,2011,4.3,4.1418,0.1582,3.68,-0.1582,Bueno (≤10%)
Rusia,Maíz,2011,5.72,6.8132,1.0932,19.11,1.0932,Aceptable (10–25%)
Rusia,Trigo,2011,2.37,3.827,1.457,61.48,1.457,Mejorable (>25%)
Rusia,Caña de azúcar,2012,92.95,88.3406,4.6094,4.96,-4.6094,Bueno (≤10%)
Rusia,Soja,2012,4.99,3.6556,1.3344,26.74,-1.3344,Mejorable (>25%)
Rusia,Girasol,2012,2.91,2.4097,0.5003,17.19,-0.5003,Aceptable (10–25%)
Rusia,Algodón,2012,2.0,2.4103,0.4103,20.51,0.4103,Aceptable (10–25%)
Rusia,Café,2012,1.83,1.4096,0.4204,22.97,-0.4204,Aceptable (10–25%)
Rusia,Cebada,2012,4.78,4.3109,0.4691,9.81,-0.4691,Bueno (≤10%)
Rusia,Maíz,2012,7.09,6.5213,0.5687,8.02,-0.5687,Bueno (≤10%)
Rusia,Trigo,2012,6.53,4.4409,2.0891,31.99,-2.0891,Mejorable (>25%)
Rusia,Caña de azúcar,2013,61.35,89.3471,27.9971,45.63,27.9971,Mejorable (>25%)
Rusia,Soja,2013,4.2,3.6603,0.5397,12.85,-0.5397,Aceptable (10–25%)
Rusia,Girasol,2013,1.14,2.1024,0.9624,84.42,0.9624,Mejorable (>25%)
Rusia,Algodón,2013,2.31,2.3039,0.0061,0.26,-0.0061,Bueno (≤10%)
Rusia,Café,2013,1.24,1.3684,0.1284,10.35,0.1284,Aceptable (10–25%)
Rusia,Cebada,2013,4.74,4.2847,0.4553,9.61,-0.4553,Bueno (≤10%)
Rusia,Maíz,2013,7.92,7.0031,0.9169,11.58,-0.9169,Aceptable (10–25%)
Rusia,Trigo,2013,6.58,5.0278,1.5522,23.59,-1.5522,Aceptable (10–25%)
Rusia,Caña de azúcar,2014,76.77,97.3801,20.6101,26.85,20.6101,Mejorable (>25%)
Rusia,Soja,2014,3.21,3.5367,0.3267,10.18,0.3267,Aceptable (10–25%)
Rusia,Girasol,2014,3.07,2.5491,0.5209,16.97,-0.5209,Aceptable (10–25%)
Rusia,Algodón,2014,2.99,2.1918,0.7982,26.7,-0.7982,Mejorable (>25%)
Rusia,Café,2014,1.75,1.4304,0.3196,18.26,-0.3196,Aceptable (10–25%)
Rusia,Cebada,2014,3.6,4.3032,0.7032,19.53,0.7032,Aceptable (10–25%)
Rusia,Maíz,2014,8.12,7.0217,1.0983,13.53,-1.0983,Aceptable (10–25%)
Rusia,Trigo,2014,6.73,5.0055,1.7245,25.62,-1.7245,Mejorable (>25%)
Rusia,Caña de azúcar,2015,90.66,93.7787,3.1187,3.44,3.1187,Bueno (≤10%)
Rusia,Soja,2015,2.67,3.3725,0.7025,26.31,0.7025,Mejorable (>25%)
Rusia,Girasol,2015,1.65,2.2056,0.5556,33.68,0.5556,Mejorable (>25%)
Rusia,Algodón,2015,3.22,2.4029,0.8171,25.38,-0.8171,Mejorable (>25%)
Rusia,Café,2015,0.85,1.2098,0.3598,42.33,0.3598,Mejorable (>25%)
Rusia,Cebada,2015,4.64,4.2648,0.3752,8.09,-0.3752,Bueno (≤10%)
Rusia,Maíz,2015,8.87,6.9726,1.8974,21.39,-1.8974,Aceptable (10–25%)
Rusia,Trigo,2015,5.8,4.7897,1.0103,17.42,-1.0103,Aceptable (10–25%)
Rusia,Caña de azúcar,2016,80.27,94.5043,14.2343,17.73,14.2343,Aceptable (10–25%)
Rusia,Soja,2016,3.81,3.7232,0.0868,2.28,-0.0868,Bueno (≤10%)
Rusia,Girasol,2016,1.62,2.3039,0.6839,42.22,0.6839,Mejorable (>25%)
Rusia,Algodón,2016,3.17,2.6089,0.5611,17.7,-0.5611,Aceptable (10–25%)
Rusia,Café,2016,1.89,1.2692,0.6208,32.85,-0.6208,Mejorable (>25%)
Rusia,Cebada,2016,4.66,4.0708,0.5892,12.64,-0.5892,Aceptable (10–25%)
Rusia,Maíz,2016,11.63,7.2644,4.3656,37.54,-4.3656,Mejorable (>25%)
Rusia,Trigo,2016,5.86,4.9249,0.9351,15.96,-0.9351,Aceptable (10–25%)
Rusia,Caña de azúcar,2017,138.78,102.6895,36.0905,26.01,-36.0905,Mejorable (>25%)
Rusia,Soja,2017,3.74,3.3505,0.3895,10.41,-0.3895,Aceptable (10–25%)
Rusia,Girasol,2017,3.25,2.4747,0.7753,23.86,-0.7753,Aceptable (10–25%)
Rusia,Algodón,2017,2.17,2.1648,0.0052,0.24,-0.0052,Bueno (≤10%)
Rusia,Café,2017,1.17,1.2422,0.0722,6.17,0.0722,Bueno (≤10%)
Rusia,Cebada,2017,3.78,4.0038,0.2238,5.92,0.2238,Bueno (≤10%)
Rusia,Maíz,2017,6.61,6.8385,0.2285,3.46,0.2285,Bueno (≤10%)
Rusia,Trigo,2017,2.17,4.0097,1.8397,84.78,1.8397,Mejorable (>25%)
Rusia,Caña de azúcar,2018,158.45,100.2725,58.1775,36.72,-58.1775,Mejorable (>25%)
Rusia,Soja,2018,3.94,3.5281,0.4119,10.45,-0.4119,Aceptable (10–25%)
Rusia,Girasol,2018,2.27,2.426,0.156,6.87,0.156,Bueno (≤10%)
Rusia,Algodón,2018,1.74,2.2074,0.4674,26.86,0.4674,Mejorable (>25%)
Rusia,Café,2018,0.67,1.4024,0.7324,109.32,0.7324,Mejorable (>25%)
Rusia,Cebada,2018,6.12,4.2666,1.8534,30.28,-1.8534,Mejorable (>25%)
Rusia,Maíz,2018,7.16,6.3439,0.8161,11.4,-0.8161,Aceptable (10–25%)
Rusia,Trigo,2018,2.86,3.9662,1.1062,38.68,1.1062,Mejorable (>25%)
Rusia,Caña de azúcar,2019,113.06,98.8932,14.1668,12.53,-14.1668,Aceptable (10–25%)
Rusia,Soja,2019,3.25,3.2605,0.0105,0.32,0.0105,Bueno (≤10%)
Rusia,Girasol,2019,1.56,2.0087,0.4487,28.76,0.4487,Mejorable (>25%)
Rusia,Algodón,2019,1.29,2.0661,0.7761,60.17,0.7761,Mejorable (>25%)
Rusia,Café,2019,1.84,1.5146,0.3254,17.69,-0.3254,Aceptable (10–25%)
Rusia,Cebada,2019,3.68,4.0168,0.3368,9.15,0.3368,Bueno (≤10%)
Rusia,Maíz,2019,4.35,6.406,2.056,47.26,2.056,Mejorable (>25%)
Rusia,Trigo,2019,2.38,3.7998,1.4198,59.66,1.4198,Mejorable (>25%)
Rusia,Caña de azúcar,2020,55.74,82.2938,26.5538,47.64,26.5538,Mejorable (>25%)
Rusia,Soja,2020,2.65,3.3161,0.6661,25.13,0.6661,Mejorable (>25%)
Rusia,Girasol,2020,2.13,2.3791,0.2491,11.7,0.2491,Aceptable (10–25%)
Rusia,Algodón,2020,2.53,2.404,0.126,4.98,-0.126,Bueno (≤10%)
Rusia,Café,2020,1.84,1.3009,0.5391,29.3,-0.5391,Mejorable (>25%)
Rusia,Cebada,2020,2.98,4.073,1.093,36.68,1.093,Mejorable (>25%)
Rusia,Maíz,2020,7.32,7.0163,0.3037,4.15,-0.3037,Bueno (≤10%)
Rusia,Trigo,2020,6.2,4.4746,1.7254,27.83,-1.7254,Mejorable (>25%)
