pais,codigo_iso,anio,tipo_ganado,intensidad_emisiones,eficiencia_carne,flag_emision_extrema,cluster_kmeans,cluster_asignado
Argentina,ARG,2011,bovino,0.062,0.1023,0,0,Baja Emisión (Dominio Avícola/Ovino)
Argentina,ARG,2011,porcino,0.147,0.1134,0,0,Baja Emisión (Dominio Avícola/Ovino)
Argentina,ARG,2011,avicola,0.01,0.0013,0,0,Baja Emisión (Dominio Avícola/Ovino)
Argentina,ARG,2011,ovino,0.367,0.0346,0,0,Baja Emisión (Dominio Avícola/Ovino)
Argentina,ARG,2011,caprino,0.139,0.169,0,0,Baja Emisión (Dominio Avícola/Ovino)
Argentina,ARG,2012,bovino,0.13,0.1525,0,0,Baja Emisión (Dominio Avícola/Ovino)
Argentina,ARG,2012,porcino,1.697,0.7334,0,2,Impacto Medio (Mix Ganadero Equilibrado)
Argentina,ARG,2012,avicola,0.079,0.0069,0,0,Baja Emisión (Dominio Avícola/Ovino)
Argentina,ARG,2012,ovino,0.406,0.0061,0,0,Baja Emisión (Dominio Avícola/Ovino)
Argentina,ARG,2012,caprino,0.743,0.0123,0,0,Baja Emisión (Dominio Avícola/Ovino)
Argentina,ARG,2013,bovino,2.003,0.2229,0,0,Baja Emisión (Dominio Avícola/Ovino)
Argentina,ARG,2013,porcino,0.547,0.3075,0,0,Baja Emisión (Dominio Avícola/Ovino)
Argentina,ARG,2013,avicola,0.106,0.0026,0,0,Baja Emisión (Dominio Avícola/Ovino)
Argentina,ARG,2013,ovino,0.074,0.0564,0,0,Baja Emisión (Dominio Avícola/Ovino)
Argentina,ARG,2013,caprino,0.541,0.0721,0,0,Baja Emisión (Dominio Avícola/Ovino)
Argentina,ARG,2014,bovino,7.591,0.6216,1,2,Impacto Medio (Mix Ganadero Equilibrado)
Argentina,ARG,2014,porcino,0.726,0.5978,0,2,Impacto Medio (Mix Ganadero Equilibrado)
Argentina,ARG,2014,avicola,0.024,0.0001,0,0,Baja Emisión (Dominio Avícola/Ovino)
Argentina,ARG,2014,ovino,0.025,0.0012,0,0,Baja Emisión (Dominio Avícola/Ovino)
Argentina,ARG,2014,caprino,0.99,0.049,0,0,Baja Emisión (Dominio Avícola/Ovino)
Argentina,ARG,2015,bovino,0.868,0.0038,0,0,Baja Emisión (Dominio Avícola/Ovino)
Argentina,ARG,2015,porcino,0.329,0.0385,0,0,Baja Emisión (Dominio Avícola/Ovino)
Argentina,ARG,2015,avicola,0.019,0.0016,0,0,Baja Emisión (Dominio Avícola/Ovino)
Argentina,ARG,2015,ovino,0.26,0.0173,0,0,Baja Emisión (Dominio Avícola/Ovino)
Argentina,ARG,2015,caprino,0.504,0.0201,0,0,Baja Emisión (Dominio Avícola/Ovino)
Argentina,ARG,2016,bovino,1.977,0.2288,0,0,Baja Emisión (Dominio Avícola/Ovino)
Argentina,ARG,2016,porcino,0.036,0.0481,0,0,Baja Emisión (Dominio Avícola/Ovino)
Argentina,ARG,2016,avicola,0.573,0.0215,0,0,Baja Emisión (Dominio Avícola/Ovino)
Argentina,ARG,2016,ovino,0.327,0.0293,0,0,Baja Emisión (Dominio Avícola/Ovino)
Argentina,ARG,2016,caprino,0.153,0.0282,0,0,Baja Emisión (Dominio Avícola/Ovino)
Argentina,ARG,2017,bovino,2.977,0.2304,1,2,Impacto Medio (Mix Ganadero Equilibrado)
Argentina,ARG,2017,porcino,0.56,0.051,0,0,Baja Emisión (Dominio Avícola/Ovino)
Argentina,ARG,2017,avicola,0.002,0.0003,0,0,Baja Emisión (Dominio Avícola/Ovino)
Argentina,ARG,2017,ovino,0.949,0.0381,0,0,Baja Emisión (Dominio Avícola/Ovino)
Argentina,ARG,2017,caprino,0.36,0.0058,0,0,Baja Emisión (Dominio Avícola/Ovino)
Argentina,ARG,2018,bovino,0.947,0.1467,0,0,Baja Emisión (Dominio Avícola/Ovino)
Argentina,ARG,2018,porcino,1.094,0.0942,0,0,Baja Emisión (Dominio Avícola/Ovino)
Argentina,ARG,2018,avicola,0.032,0.0003,0,0,Baja Emisión (Dominio Avícola/Ovino)
Argentina,ARG,2018,ovino,0.508,0.0819,0,0,Baja Emisión (Dominio Avícola/Ovino)
Argentina,ARG,2018,caprino,0.618,0.0182,0,0,Baja Emisión (Dominio Avícola/Ovino)
Argentina,ARG,2019,bovino,1.246,0.5698,0,2,Impacto Medio (Mix Ganadero Equilibrado)
Argentina,ARG,2019,porcino,2.799,0.1805,1,0,Baja Emisión (Dominio Avícola/Ovino)
Argentina,ARG,2019,avicola,0.044,0.0033,0,0,Baja Emisión (Dominio Avícola/Ovino)
Argentina,ARG,2019,ovino,0.409,0.023,0,0,Baja Emisión (Dominio Avícola/Ovino)
Argentina,ARG,2019,caprino,1.122,0.0248,0,0,Baja Emisión (Dominio Avícola/Ovino)
Argentina,ARG,2020,bovino,0.728,0.1136,0,0,Baja Emisión (Dominio Avícola/Ovino)
Argentina,ARG,2020,porcino,0.696,0.1576,0,0,Baja Emisión (Dominio Avícola/Ovino)
Argentina,ARG,2020,avicola,0.01,0.0019,0,0,Baja Emisión (Dominio Avícola/Ovino)
Argentina,ARG,2020,ovino,0.442,0.0245,0,0,Baja Emisión (Dominio Avícola/Ovino)
Argentina,ARG,2020,caprino,12.869,0.3117,1,1,Alta Emisión (Bovino Intensivo)
Brasil,BRA,2011,bovino,3.005,0.0655,1,0,Baja Emisión (Dominio Avícola/Ovino)
Brasil,BRA,2011,porcino,1.589,0.2581,0,0,Baja Emisión (Dominio Avícola/Ovino)
Brasil,BRA,2011,avicola,0.016,0.0014,0,0,Baja Emisión (Dominio Avícola/Ovino)
Brasil,BRA,2011,ovino,0.318,0.0045,0,0,Baja Emisión (Dominio Avícola/Ovino)
Brasil,BRA,2011,caprino,0.112,0.0418,0,0,Baja Emisión (Dominio Avícola/Ovino)
Brasil,BRA,2012,bovino,0.275,0.1074,0,0,Baja Emisión (Dominio Avícola/Ovino)
Brasil,BRA,2012,porcino,4.89,0.7058,1,2,Impacto Medio (Mix Ganadero Equilibrado)
Brasil,BRA,2012,avicola,0.035,0.001,0,0,Baja Emisión (Dominio Avícola/Ovino)
Brasil,BRA,2012,ovino,0.115,0.0494,0,0,Baja Emisión (Dominio Avícola/Ovino)
Brasil,BRA,2012,caprino,0.225,0.006,0,0,Baja Emisión (Dominio Avícola/Ovino)
Brasil,BRA,2013,bovino,2.751,0.4301,1,2,Impacto Medio (Mix Ganadero Equilibrado)
Brasil,BRA,2013,porcino,0.79,0.1822,0,0,Baja Emisión (Dominio Avícola/Ovino)
Brasil,BRA,2013,avicola,0.025,0.0035,0,0,Baja Emisión (Dominio Avícola/Ovino)
Brasil,BRA,2013,ovino,2.671,0.2853,1,2,Impacto Medio (Mix Ganadero Equilibrado)
Brasil,BRA,2013,caprino,17.381,0.5132,1,1,Alta Emisión (Bovino Intensivo)
Brasil,BRA,2014,bovino,0.516,0.1492,0,0,Baja Emisión (Dominio Avícola/Ovino)
Brasil,BRA,2014,porcino,0.355,0.2152,0,0,Baja Emisión (Dominio Avícola/Ovino)
Brasil,BRA,2014,avicola,0.06,0.0123,0,0,Baja Emisión (Dominio Avícola/Ovino)
Brasil,BRA,2014,ovino,1.65,0.0621,0,0,Baja Emisión (Dominio Avícola/Ovino)
Brasil,BRA,2014,caprino,0.074,0.0171,0,0,Baja Emisión (Dominio Avícola/Ovino)
Brasil,BRA,2015,bovino,1.359,0.125,0,0,Baja Emisión (Dominio Avícola/Ovino)
Brasil,BRA,2015,porcino,0.107,0.0596,0,0,Baja Emisión (Dominio Avícola/Ovino)
Brasil,BRA,2015,avicola,0.011,0.0014,0,0,Baja Emisión (Dominio Avícola/Ovino)
Brasil,BRA,2015,ovino,1.612,0.0129,0,0,Baja Emisión (Dominio Avícola/Ovino)
Brasil,BRA,2015,caprino,0.198,0.0095,0,0,Baja Emisión (Dominio Avícola/Ovino)
Brasil,BRA,2016,bovino,0.926,0.0035,0,0,Baja Emisión (Dominio Avícola/Ovino)
Brasil,BRA,2016,porcino,3.163,0.6986,1,2,Impacto Medio (Mix Ganadero Equilibrado)
Brasil,BRA,2016,avicola,0.004,0.0021,0,0,Baja Emisión (Dominio Avícola/Ovino)
Brasil,BRA,2016,ovino,0.33,0.0018,0,0,Baja Emisión (Dominio Avícola/Ovino)
Brasil,BRA,2016,caprino,0.465,0.0009,0,0,Baja Emisión (Dominio Avícola/Ovino)
Brasil,BRA,2017,bovino,1.339,0.0487,0,0,Baja Emisión (Dominio Avícola/Ovino)
Brasil,BRA,2017,porcino,0.155,0.1562,0,0,Baja Emisión (Dominio Avícola/Ovino)
Brasil,BRA,2017,avicola,0.002,0.0005,0,0,Baja Emisión (Dominio Avícola/Ovino)
Brasil,BRA,2017,ovino,0.057,0.0198,0,0,Baja Emisión (Dominio Avícola/Ovino)
Brasil,BRA,2017,caprino,0.277,0.0706,0,0,Baja Emisión (Dominio Avícola/Ovino)
Brasil,BRA,2018,bovino,6.436,0.2744,1,2,Impacto Medio (Mix Ganadero Equilibrado)
Brasil,BRA,2018,porcino,1.552,0.3733,0,0,Baja Emisión (Dominio Avícola/Ovino)
Brasil,BRA,2018,avicola,0.028,0.0022,0,0,Baja Emisión (Dominio Avícola/Ovino)
Brasil,BRA,2018,ovino,0.2,0.0208,0,0,Baja Emisión (Dominio Avícola/Ovino)
Brasil,BRA,2018,caprino,0.604,0.0273,0,0,Baja Emisión (Dominio Avícola/Ovino)
Brasil,BRA,2019,bovino,0.859,0.0676,0,0,Baja Emisión (Dominio Avícola/Ovino)
Brasil,BRA,2019,porcino,1.965,0.4414,0,2,Impacto Medio (Mix Ganadero Equilibrado)
Brasil,BRA,2019,avicola,0.014,0.0169,0,0,Baja Emisión (Dominio Avícola/Ovino)
Brasil,BRA,2019,ovino,0.15,0.028,0,0,Baja Emisión (Dominio Avícola/Ovino)
Brasil,BRA,2019,caprino,0.33,0.0111,0,0,Baja Emisión (Dominio Avícola/Ovino)
Brasil,BRA,2020,bovino,0.353,0.2468,0,0,Baja Emisión (Dominio Avícola/Ovino)
Brasil,BRA,2020,porcino,0.529,0.0741,0,0,Baja Emisión (Dominio Avícola/Ovino)
Brasil,BRA,2020,avicola,0.019,0.0024,0,0,Baja Emisión (Dominio Avícola/Ovino)
Brasil,BRA,2020,ovino,2.024,0.1045,0,0,Baja Emisión (Dominio Avícola/Ovino)
Brasil,BRA,2020,caprino,0.557,0.0372,0,0,Baja Emisión (Dominio Avícola/Ovino)
Estados Unidos,USA,2011,bovino,0.831,0.0266,0,0,Baja Emisión (Dominio Avícola/Ovino)
Estados Unidos,USA,2011,porcino,0.172,0.1512,0,0,Baja Emisión (Dominio Avícola/Ovino)
Estados Unidos,USA,2011,avicola,0.018,0.0019,0,0,Baja Emisión (Dominio Avícola/Ovino)
Estados Unidos,USA,2011,ovino,0.713,0.2229,0,0,Baja Emisión (Dominio Avícola/Ovino)
Estados Unidos,USA,2011,caprino,1.151,0.045,0,0,Baja Emisión (Dominio Avícola/Ovino)
Estados Unidos,USA,2012,bovino,4.867,0.3085,1,2,Impacto Medio (Mix Ganadero Equilibrado)
Estados Unidos,USA,2012,porcino,2.378,0.3512,0,2,Impacto Medio (Mix Ganadero Equilibrado)
Estados Unidos,USA,2012,avicola,0.018,0.0004,0,0,Baja Emisión (Dominio Avícola/Ovino)
Estados Unidos,USA,2012,ovino,0.439,0.0265,0,0,Baja Emisión (Dominio Avícola/Ovino)
Estados Unidos,USA,2012,caprino,1.108,0.0637,0,0,Baja Emisión (Dominio Avícola/Ovino)
Estados Unidos,USA,2013,bovino,1.55,0.2376,0,0,Baja Emisión (Dominio Avícola/Ovino)
Estados Unidos,USA,2013,porcino,0.73,0.059,0,0,Baja Emisión (Dominio Avícola/Ovino)
Estados Unidos,USA,2013,avicola,0.131,0.0055,0,0,Baja Emisión (Dominio Avícola/Ovino)
Estados Unidos,USA,2013,ovino,0.698,0.0477,0,0,Baja Emisión (Dominio Avícola/Ovino)
Estados Unidos,USA,2013,caprino,5.885,0.2908,1,2,Impacto Medio (Mix Ganadero Equilibrado)
Estados Unidos,USA,2014,bovino,0.607,0.1448,0,0,Baja Emisión (Dominio Avícola/Ovino)
Estados Unidos,USA,2014,porcino,5.981,1.0,1,2,Impacto Medio (Mix Ganadero Equilibrado)
Estados Unidos,USA,2014,avicola,0.006,0.0007,0,0,Baja Emisión (Dominio Avícola/Ovino)
Estados Unidos,USA,2014,ovino,0.552,0.0235,0,0,Baja Emisión (Dominio Avícola/Ovino)
Estados Unidos,USA,2014,caprino,0.586,0.0304,0,0,Baja Emisión (Dominio Avícola/Ovino)
Estados Unidos,USA,2015,bovino,0.391,0.0866,0,0,Baja Emisión (Dominio Avícola/Ovino)
Estados Unidos,USA,2015,porcino,0.883,0.1031,0,0,Baja Emisión (Dominio Avícola/Ovino)
Estados Unidos,USA,2015,avicola,0.07,0.0039,0,0,Baja Emisión (Dominio Avícola/Ovino)
Estados Unidos,USA,2015,ovino,0.155,0.0203,0,0,Baja Emisión (Dominio Avícola/Ovino)
Estados Unidos,USA,2015,caprino,0.657,0.013,0,0,Baja Emisión (Dominio Avícola/Ovino)
Estados Unidos,USA,2016,bovino,3.733,1.0,1,2,Impacto Medio (Mix Ganadero Equilibrado)
Estados Unidos,USA,2016,porcino,0.147,0.1349,0,0,Baja Emisión (Dominio Avícola/Ovino)
Estados Unidos,USA,2016,avicola,0.029,0.0019,0,0,Baja Emisión (Dominio Avícola/Ovino)
Estados Unidos,USA,2016,ovino,0.731,0.0012,0,0,Baja Emisión (Dominio Avícola/Ovino)
Estados Unidos,USA,2016,caprino,0.119,0.0273,0,0,Baja Emisión (Dominio Avícola/Ovino)
Estados Unidos,USA,2017,bovino,1.07,0.0748,0,0,Baja Emisión (Dominio Avícola/Ovino)
Estados Unidos,USA,2017,porcino,0.713,0.0402,0,0,Baja Emisión (Dominio Avícola/Ovino)
Estados Unidos,USA,2017,avicola,0.004,0.0005,0,0,Baja Emisión (Dominio Avícola/Ovino)
Estados Unidos,USA,2017,ovino,1.459,0.0355,0,0,Baja Emisión (Dominio Avícola/Ovino)
Estados Unidos,USA,2017,caprino,0.285,0.0093,0,0,Baja Emisión (Dominio Avícola/Ovino)
Estados Unidos,USA,2018,bovino,0.555,0.1049,0,0,Baja Emisión (Dominio Avícola/Ovino)
Estados Unidos,USA,2018,porcino,5.416,1.0,1,2,Impacto Medio (Mix Ganadero Equilibrado)
Estados Unidos,USA,2018,avicola,0.026,0.0004,0,0,Baja Emisión (Dominio Avícola/Ovino)
Estados Unidos,USA,2018,ovino,0.391,0.0145,0,0,Baja Emisión (Dominio Avícola/Ovino)
Estados Unidos,USA,2018,caprino,0.314,0.0125,0,0,Baja Emisión (Dominio Avícola/Ovino)
Estados Unidos,USA,2019,bovino,1.006,0.3046,0,0,Baja Emisión (Dominio Avícola/Ovino)
Estados Unidos,USA,2019,porcino,1.311,0.3989,0,0,Baja Emisión (Dominio Avícola/Ovino)
Estados Unidos,USA,2019,avicola,0.027,0.0016,0,0,Baja Emisión (Dominio Avícola/Ovino)
Estados Unidos,USA,2019,ovino,0.185,0.0391,0,0,Baja Emisión (Dominio Avícola/Ovino)
Estados Unidos,USA,2019,caprino,0.106,0.0147,0,0,Baja Emisión (Dominio Avícola/Ovino)
Estados Unidos,USA,2020,bovino,1.077,0.0322,0,0,Baja Emisión (Dominio Avícola/Ovino)
Estados Unidos,USA,2020,porcino,3.363,1.0,1,2,Impacto Medio (Mix Ganadero Equilibrado)
Estados Unidos,USA,2020,avicola,0.118,0.0025,0,0,Baja Emisión (Dominio Avícola/Ovino)
Estados Unidos,USA,2020,ovino,0.622,0.0051,0,0,Baja Emisión (Dominio Avícola/Ovino)
Estados Unidos,USA,2020,caprino,0.667,0.0356,0,0,Baja Emisión (Dominio Avícola/Ovino)
India,IND,2011,bovino,0.452,0.0761,0,0,Baja Emisión (Dominio Avícola/Ovino)
India,IND,2011,porcino,1.554,0.1482,0,0,Baja Emisión (Dominio Avícola/Ovino)
India,IND,2011,avicola,0.024,0.001,0,0,Baja Emisión (Dominio Avícola/Ovino)
India,IND,2011,ovino,0.039,0.0016,0,0,Baja Emisión (Dominio Avícola/Ovino)
India,IND,2011,caprino,0.698,0.0353,0,0,Baja Emisión (Dominio Avícola/Ovino)
India,IND,2012,bovino,0.955,0.0658,0,0,Baja Emisión (Dominio Avícola/Ovino)
India,IND,2012,porcino,0.82,0.2822,0,0,Baja Emisión (Dominio Avícola/Ovino)
India,IND,2012,avicola,0.042,0.0013,0,0,Baja Emisión (Dominio Avícola/Ovino)
India,IND,2012,ovino,0.342,0.0118,0,0,Baja Emisión (Dominio Avícola/Ovino)
India,IND,2012,caprino,0.925,0.0368,0,0,Baja Emisión (Dominio Avícola/Ovino)
India,IND,2013,bovino,0.312,0.0655,0,0,Baja Emisión (Dominio Avícola/Ovino)
India,IND,2013,porcino,0.737,0.0878,0,0,Baja Emisión (Dominio Avícola/Ovino)
India,IND,2013,avicola,0.03,0.0007,0,0,Baja Emisión (Dominio Avícola/Ovino)
India,IND,2013,ovino,0.153,0.0103,0,0,Baja Emisión (Dominio Avícola/Ovino)
India,IND,2013,caprino,6.102,0.7657,1,2,Impacto Medio (Mix Ganadero Equilibrado)
India,IND,2014,bovino,0.55,0.0951,0,0,Baja Emisión (Dominio Avícola/Ovino)
India,IND,2014,porcino,2.283,0.4104,0,2,Impacto Medio (Mix Ganadero Equilibrado)
India,IND,2014,avicola,0.023,0.0013,0,0,Baja Emisión (Dominio Avícola/Ovino)
India,IND,2014,ovino,1.213,0.0214,0,0,Baja Emisión (Dominio Avícola/Ovino)
India,IND,2014,caprino,0.076,0.0321,0,0,Baja Emisión (Dominio Avícola/Ovino)
India,IND,2015,bovino,2.988,0.0229,1,0,Baja Emisión (Dominio Avícola/Ovino)
India,IND,2015,porcino,0.624,0.1189,0,0,Baja Emisión (Dominio Avícola/Ovino)
India,IND,2015,avicola,0.004,0.0005,0,0,Baja Emisión (Dominio Avícola/Ovino)
India,IND,2015,ovino,0.295,0.0397,0,0,Baja Emisión (Dominio Avícola/Ovino)
India,IND,2015,caprino,0.426,0.0255,0,0,Baja Emisión (Dominio Avícola/Ovino)
India,IND,2016,bovino,0.679,0.0161,0,0,Baja Emisión (Dominio Avícola/Ovino)
India,IND,2016,porcino,0.732,0.2502,0,0,Baja Emisión (Dominio Avícola/Ovino)
India,IND,2016,avicola,0.007,0.0037,0,0,Baja Emisión (Dominio Avícola/Ovino)
India,IND,2016,ovino,0.033,0.0176,0,0,Baja Emisión (Dominio Avícola/Ovino)
India,IND,2016,caprino,0.802,0.0162,0,0,Baja Emisión (Dominio Avícola/Ovino)
India,IND,2017,bovino,0.387,0.0607,0,0,Baja Emisión (Dominio Avícola/Ovino)
India,IND,2017,porcino,0.497,0.0106,0,0,Baja Emisión (Dominio Avícola/Ovino)
India,IND,2017,avicola,0.08,0.0034,0,0,Baja Emisión (Dominio Avícola/Ovino)
India,IND,2017,ovino,0.331,0.0028,0,0,Baja Emisión (Dominio Avícola/Ovino)
India,IND,2017,caprino,1.903,0.0338,0,0,Baja Emisión (Dominio Avícola/Ovino)
India,IND,2018,bovino,4.51,0.4147,1,2,Impacto Medio (Mix Ganadero Equilibrado)
India,IND,2018,porcino,0.531,0.1126,0,0,Baja Emisión (Dominio Avícola/Ovino)
India,IND,2018,avicola,0.009,0.0005,0,0,Baja Emisión (Dominio Avícola/Ovino)
India,IND,2018,ovino,1.043,0.0222,0,0,Baja Emisión (Dominio Avícola/Ovino)
India,IND,2018,caprino,0.18,0.0085,0,0,Baja Emisión (Dominio Avícola/Ovino)
India,IND,2019,bovino,0.873,0.1093,0,0,Baja Emisión (Dominio Avícola/Ovino)
India,IND,2019,porcino,1.139,0.1494,0,0,Baja Emisión (Dominio Avícola/Ovino)
India,IND,2019,avicola,0.019,0.0024,0,0,Baja Emisión (Dominio Avícola/Ovino)
India,IND,2019,ovino,0.094,0.0378,0,0,Baja Emisión (Dominio Avícola/Ovino)
India,IND,2019,caprino,8.409,0.2309,1,2,Impacto Medio (Mix Ganadero Equilibrado)
India,IND,2020,bovino,0.072,0.1084,0,0,Baja Emisión (Dominio Avícola/Ovino)
India,IND,2020,porcino,1.216,0.1678,0,0,Baja Emisión (Dominio Avícola/Ovino)
India,IND,2020,avicola,0.031,0.001,0,0,Baja Emisión (Dominio Avícola/Ovino)
India,IND,2020,ovino,0.429,0.0065,0,0,Baja Emisión (Dominio Avícola/Ovino)
India,IND,2020,caprino,0.523,0.0341,0,0,Baja Emisión (Dominio Avícola/Ovino)
China,CHN,2011,bovino,0.99,0.0703,0,0,Baja Emisión (Dominio Avícola/Ovino)
China,CHN,2011,porcino,0.405,0.262,0,0,Baja Emisión (Dominio Avícola/Ovino)
China,CHN,2011,avicola,0.093,0.0114,0,0,Baja Emisión (Dominio Avícola/Ovino)
China,CHN,2011,ovino,2.802,0.1195,1,0,Baja Emisión (Dominio Avícola/Ovino)
China,CHN,2011,caprino,0.373,0.0117,0,0,Baja Emisión (Dominio Avícola/Ovino)
China,CHN,2012,bovino,4.481,0.9679,1,2,Impacto Medio (Mix Ganadero Equilibrado)
China,CHN,2012,porcino,0.723,0.4286,0,0,Baja Emisión (Dominio Avícola/Ovino)
China,CHN,2012,avicola,0.014,0.0014,0,0,Baja Emisión (Dominio Avícola/Ovino)
China,CHN,2012,ovino,1.015,0.0015,0,0,Baja Emisión (Dominio Avícola/Ovino)
China,CHN,2012,caprino,0.441,0.0099,0,0,Baja Emisión (Dominio Avícola/Ovino)
China,CHN,2013,bovino,1.203,0.1216,0,0,Baja Emisión (Dominio Avícola/Ovino)
China,CHN,2013,porcino,0.887,0.0307,0,0,Baja Emisión (Dominio Avícola/Ovino)
China,CHN,2013,avicola,0.013,0.0009,0,0,Baja Emisión (Dominio Avícola/Ovino)
China,CHN,2013,ovino,0.81,0.0184,0,0,Baja Emisión (Dominio Avícola/Ovino)
China,CHN,2013,caprino,0.403,0.0196,0,0,Baja Emisión (Dominio Avícola/Ovino)
China,CHN,2014,bovino,0.094,0.1329,0,0,Baja Emisión (Dominio Avícola/Ovino)
China,CHN,2014,porcino,2.667,0.8033,1,2,Impacto Medio (Mix Ganadero Equilibrado)
China,CHN,2014,avicola,0.027,0.0017,0,0,Baja Emisión (Dominio Avícola/Ovino)
China,CHN,2014,ovino,1.092,0.0089,0,0,Baja Emisión (Dominio Avícola/Ovino)
China,CHN,2014,caprino,0.054,0.0004,0,0,Baja Emisión (Dominio Avícola/Ovino)
China,CHN,2015,bovino,4.806,0.2517,1,2,Impacto Medio (Mix Ganadero Equilibrado)
China,CHN,2015,porcino,0.923,0.0931,0,0,Baja Emisión (Dominio Avícola/Ovino)
China,CHN,2015,avicola,0.111,0.0089,0,0,Baja Emisión (Dominio Avícola/Ovino)
China,CHN,2015,ovino,0.92,0.0424,0,0,Baja Emisión (Dominio Avícola/Ovino)
China,CHN,2015,caprino,0.155,0.0244,0,0,Baja Emisión (Dominio Avícola/Ovino)
China,CHN,2016,bovino,1.948,0.2857,0,0,Baja Emisión (Dominio Avícola/Ovino)
China,CHN,2016,porcino,1.33,0.1436,0,0,Baja Emisión (Dominio Avícola/Ovino)
China,CHN,2016,avicola,0.015,0.0031,0,0,Baja Emisión (Dominio Avícola/Ovino)
China,CHN,2016,ovino,0.196,0.0531,0,0,Baja Emisión (Dominio Avícola/Ovino)
China,CHN,2016,caprino,1.798,0.0562,0,0,Baja Emisión (Dominio Avícola/Ovino)
China,CHN,2017,bovino,0.888,0.0606,0,0,Baja Emisión (Dominio Avícola/Ovino)
China,CHN,2017,porcino,0.819,0.1239,0,0,Baja Emisión (Dominio Avícola/Ovino)
China,CHN,2017,avicola,0.048,0.0047,0,0,Baja Emisión (Dominio Avícola/Ovino)
China,CHN,2017,ovino,0.134,0.0036,0,0,Baja Emisión (Dominio Avícola/Ovino)
China,CHN,2017,caprino,0.711,0.0169,0,0,Baja Emisión (Dominio Avícola/Ovino)
China,CHN,2018,bovino,1.055,0.0584,0,0,Baja Emisión (Dominio Avícola/Ovino)
China,CHN,2018,porcino,1.053,0.2333,0,0,Baja Emisión (Dominio Avícola/Ovino)
China,CHN,2018,avicola,0.009,0.0039,0,0,Baja Emisión (Dominio Avícola/Ovino)
China,CHN,2018,ovino,0.964,0.0017,0,0,Baja Emisión (Dominio Avícola/Ovino)
China,CHN,2018,caprino,8.925,0.2524,1,2,Impacto Medio (Mix Ganadero Equilibrado)
China,CHN,2019,bovino,1.591,0.0554,0,0,Baja Emisión (Dominio Avícola/Ovino)
China,CHN,2019,porcino,0.559,0.1597,0,0,Baja Emisión (Dominio Avícola/Ovino)
China,CHN,2019,avicola,0.175,0.0177,0,0,Baja Emisión (Dominio Avícola/Ovino)
China,CHN,2019,ovino,4.233,0.2031,1,2,Impacto Medio (Mix Ganadero Equilibrado)
China,CHN,2019,caprino,0.738,0.0337,0,0,Baja Emisión (Dominio Avícola/Ovino)
China,CHN,2020,bovino,1.369,0.1289,0,0,Baja Emisión (Dominio Avícola/Ovino)
China,CHN,2020,porcino,0.473,0.0639,0,0,Baja Emisión (Dominio Avícola/Ovino)
China,CHN,2020,avicola,0.021,0.0002,0,0,Baja Emisión (Dominio Avícola/Ovino)
China,CHN,2020,ovino,2.09,0.1257,0,0,Baja Emisión (Dominio Avícola/Ovino)
China,CHN,2020,caprino,0.132,0.0154,0,0,Baja Emisión (Dominio Avícola/Ovino)
Francia,FRA,2011,bovino,0.263,0.0485,0,0,Baja Emisión (Dominio Avícola/Ovino)
Francia,FRA,2011,porcino,0.438,0.2278,0,0,Baja Emisión (Dominio Avícola/Ovino)
Francia,FRA,2011,avicola,0.004,0.0053,0,0,Baja Emisión (Dominio Avícola/Ovino)
Francia,FRA,2011,ovino,0.478,0.0284,0,0,Baja Emisión (Dominio Avícola/Ovino)
Francia,FRA,2011,caprino,0.157,0.0117,0,0,Baja Emisión (Dominio Avícola/Ovino)
Francia,FRA,2012,bovino,1.41,0.1661,0,0,Baja Emisión (Dominio Avícola/Ovino)
Francia,FRA,2012,porcino,4.109,0.7045,1,2,Impacto Medio (Mix Ganadero Equilibrado)
Francia,FRA,2012,avicola,0.144,0.0083,0,0,Baja Emisión (Dominio Avícola/Ovino)
Francia,FRA,2012,ovino,0.495,0.0095,0,0,Baja Emisión (Dominio Avícola/Ovino)
Francia,FRA,2012,caprino,0.103,0.0303,0,0,Baja Emisión (Dominio Avícola/Ovino)
Francia,FRA,2013,bovino,0.928,0.0637,0,0,Baja Emisión (Dominio Avícola/Ovino)
Francia,FRA,2013,porcino,0.402,0.0911,0,0,Baja Emisión (Dominio Avícola/Ovino)
Francia,FRA,2013,avicola,0.02,0.001,0,0,Baja Emisión (Dominio Avícola/Ovino)
Francia,FRA,2013,ovino,0.699,0.0246,0,0,Baja Emisión (Dominio Avícola/Ovino)
Francia,FRA,2013,caprino,0.39,0.0008,0,0,Baja Emisión (Dominio Avícola/Ovino)
Francia,FRA,2014,bovino,0.366,0.1878,0,0,Baja Emisión (Dominio Avícola/Ovino)
Francia,FRA,2014,porcino,0.047,0.1553,0,0,Baja Emisión (Dominio Avícola/Ovino)
Francia,FRA,2014,avicola,0.019,0.0043,0,0,Baja Emisión (Dominio Avícola/Ovino)
Francia,FRA,2014,ovino,0.129,0.04,0,0,Baja Emisión (Dominio Avícola/Ovino)
Francia,FRA,2014,caprino,0.11,0.0133,0,0,Baja Emisión (Dominio Avícola/Ovino)
Francia,FRA,2015,bovino,1.634,0.0363,0,0,Baja Emisión (Dominio Avícola/Ovino)
Francia,FRA,2015,porcino,0.221,0.1483,0,0,Baja Emisión (Dominio Avícola/Ovino)
Francia,FRA,2015,avicola,0.017,0.0011,0,0,Baja Emisión (Dominio Avícola/Ovino)
Francia,FRA,2015,ovino,0.235,0.0107,0,0,Baja Emisión (Dominio Avícola/Ovino)
Francia,FRA,2015,caprino,0.124,0.0213,0,0,Baja Emisión (Dominio Avícola/Ovino)
Francia,FRA,2016,bovino,0.645,0.1523,0,0,Baja Emisión (Dominio Avícola/Ovino)
Francia,FRA,2016,porcino,15.393,1.0,1,1,Alta Emisión (Bovino Intensivo)
Francia,FRA,2016,avicola,0.025,0.0006,0,0,Baja Emisión (Dominio Avícola/Ovino)
Francia,FRA,2016,ovino,0.277,0.0188,0,0,Baja Emisión (Dominio Avícola/Ovino)
Francia,FRA,2016,caprino,0.163,0.1913,0,0,Baja Emisión (Dominio Avícola/Ovino)
Francia,FRA,2017,bovino,2.167,0.1555,0,0,Baja Emisión (Dominio Avícola/Ovino)
Francia,FRA,2017,porcino,0.775,0.1056,0,0,Baja Emisión (Dominio Avícola/Ovino)
Francia,FRA,2017,avicola,0.103,0.0115,0,0,Baja Emisión (Dominio Avícola/Ovino)
Francia,FRA,2017,ovino,0.892,0.0436,0,0,Baja Emisión (Dominio Avícola/Ovino)
Francia,FRA,2017,caprino,0.246,0.0046,0,0,Baja Emisión (Dominio Avícola/Ovino)
Francia,FRA,2018,bovino,1.105,0.2587,0,0,Baja Emisión (Dominio Avícola/Ovino)
Francia,FRA,2018,porcino,1.139,0.0922,0,0,Baja Emisión (Dominio Avícola/Ovino)
Francia,FRA,2018,avicola,0.035,0.0024,0,0,Baja Emisión (Dominio Avícola/Ovino)
Francia,FRA,2018,ovino,1.546,0.1416,0,0,Baja Emisión (Dominio Avícola/Ovino)
Francia,FRA,2018,caprino,0.94,0.0513,0,0,Baja Emisión (Dominio Avícola/Ovino)
Francia,FRA,2019,bovino,2.799,0.1667,1,0,Baja Emisión (Dominio Avícola/Ovino)
Francia,FRA,2019,porcino,0.183,0.1301,0,0,Baja Emisión (Dominio Avícola/Ovino)
Francia,FRA,2019,avicola,0.017,0.0014,0,0,Baja Emisión (Dominio Avícola/Ovino)
Francia,FRA,2019,ovino,0.587,0.0328,0,0,Baja Emisión (Dominio Avícola/Ovino)
Francia,FRA,2019,caprino,0.302,0.0134,0,0,Baja Emisión (Dominio Avícola/Ovino)
Francia,FRA,2020,bovino,0.632,0.0649,0,0,Baja Emisión (Dominio Avícola/Ovino)
Francia,FRA,2020,porcino,0.068,0.1426,0,0,Baja Emisión (Dominio Avícola/Ovino)
Francia,FRA,2020,avicola,0.515,0.0582,0,0,Baja Emisión (Dominio Avícola/Ovino)
Francia,FRA,2020,ovino,1.085,0.0687,0,0,Baja Emisión (Dominio Avícola/Ovino)
Francia,FRA,2020,caprino,0.115,0.014,0,0,Baja Emisión (Dominio Avícola/Ovino)
Alemania,DEU,2011,bovino,0.243,0.0645,0,0,Baja Emisión (Dominio Avícola/Ovino)
Alemania,DEU,2011,porcino,20.075,1.0,1,1,Alta Emisión (Bovino Intensivo)
Alemania,DEU,2011,avicola,0.052,0.0019,0,0,Baja Emisión (Dominio Avícola/Ovino)
Alemania,DEU,2011,ovino,1.006,0.0778,0,0,Baja Emisión (Dominio Avícola/Ovino)
Alemania,DEU,2011,caprino,2.889,0.1314,1,0,Baja Emisión (Dominio Avícola/Ovino)
Alemania,DEU,2012,bovino,1.732,0.0241,0,0,Baja Emisión (Dominio Avícola/Ovino)
Alemania,DEU,2012,porcino,4.02,0.4213,1,2,Impacto Medio (Mix Ganadero Equilibrado)
Alemania,DEU,2012,avicola,0.007,0.0014,0,0,Baja Emisión (Dominio Avícola/Ovino)
Alemania,DEU,2012,ovino,1.014,0.031,0,0,Baja Emisión (Dominio Avícola/Ovino)
Alemania,DEU,2012,caprino,13.012,1.0,1,1,Alta Emisión (Bovino Intensivo)
Alemania,DEU,2013,bovino,7.482,1.0,1,2,Impacto Medio (Mix Ganadero Equilibrado)
Alemania,DEU,2013,porcino,0.23,0.5248,0,0,Baja Emisión (Dominio Avícola/Ovino)
Alemania,DEU,2013,avicola,0.006,0.0019,0,0,Baja Emisión (Dominio Avícola/Ovino)
Alemania,DEU,2013,ovino,0.315,0.0215,0,0,Baja Emisión (Dominio Avícola/Ovino)
Alemania,DEU,2013,caprino,0.406,0.0077,0,0,Baja Emisión (Dominio Avícola/Ovino)
Alemania,DEU,2014,bovino,1.03,0.0255,0,0,Baja Emisión (Dominio Avícola/Ovino)
Alemania,DEU,2014,porcino,0.864,0.5439,0,2,Impacto Medio (Mix Ganadero Equilibrado)
Alemania,DEU,2014,avicola,0.024,0.002,0,0,Baja Emisión (Dominio Avícola/Ovino)
Alemania,DEU,2014,ovino,0.11,0.0097,0,0,Baja Emisión (Dominio Avícola/Ovino)
Alemania,DEU,2014,caprino,0.284,0.0119,0,0,Baja Emisión (Dominio Avícola/Ovino)
Alemania,DEU,2015,bovino,0.617,0.0199,0,0,Baja Emisión (Dominio Avícola/Ovino)
Alemania,DEU,2015,porcino,0.251,0.2015,0,0,Baja Emisión (Dominio Avícola/Ovino)
Alemania,DEU,2015,avicola,0.87,0.1027,0,0,Baja Emisión (Dominio Avícola/Ovino)
Alemania,DEU,2015,ovino,0.404,0.0018,0,0,Baja Emisión (Dominio Avícola/Ovino)
Alemania,DEU,2015,caprino,0.495,0.0297,0,0,Baja Emisión (Dominio Avícola/Ovino)
Alemania,DEU,2016,bovino,4.163,0.2625,1,2,Impacto Medio (Mix Ganadero Equilibrado)
Alemania,DEU,2016,porcino,0.193,0.0205,0,0,Baja Emisión (Dominio Avícola/Ovino)
Alemania,DEU,2016,avicola,0.066,0.0039,0,0,Baja Emisión (Dominio Avícola/Ovino)
Alemania,DEU,2016,ovino,0.158,0.0246,0,0,Baja Emisión (Dominio Avícola/Ovino)
Alemania,DEU,2016,caprino,0.122,0.0479,0,0,Baja Emisión (Dominio Avícola/Ovino)
Alemania,DEU,2017,bovino,0.895,0.0927,0,0,Baja Emisión (Dominio Avícola/Ovino)
Alemania,DEU,2017,porcino,0.532,0.1635,0,0,Baja Emisión (Dominio Avícola/Ovino)
Alemania,DEU,2017,avicola,0.028,0.001,0,0,Baja Emisión (Dominio Avícola/Ovino)
Alemania,DEU,2017,ovino,0.586,0.0266,0,0,Baja Emisión (Dominio Avícola/Ovino)
Alemania,DEU,2017,caprino,2.663,0.4341,1,2,Impacto Medio (Mix Ganadero Equilibrado)
Alemania,DEU,2018,bovino,0.498,0.0206,0,0,Baja Emisión (Dominio Avícola/Ovino)
Alemania,DEU,2018,porcino,0.405,0.0642,0,0,Baja Emisión (Dominio Avícola/Ovino)
Alemania,DEU,2018,avicola,0.037,0.0041,0,0,Baja Emisión (Dominio Avícola/Ovino)
Alemania,DEU,2018,ovino,0.95,0.1531,0,0,Baja Emisión (Dominio Avícola/Ovino)
Alemania,DEU,2018,caprino,2.557,0.0948,1,0,Baja Emisión (Dominio Avícola/Ovino)
Alemania,DEU,2019,bovino,16.087,0.5073,1,1,Alta Emisión (Bovino Intensivo)
Alemania,DEU,2019,porcino,2.038,0.558,0,2,Impacto Medio (Mix Ganadero Equilibrado)
Alemania,DEU,2019,avicola,0.083,0.003,0,0,Baja Emisión (Dominio Avícola/Ovino)
Alemania,DEU,2019,ovino,0.292,0.0128,0,0,Baja Emisión (Dominio Avícola/Ovino)
Alemania,DEU,2019,caprino,0.187,0.0241,0,0,Baja Emisión (Dominio Avícola/Ovino)
Alemania,DEU,2020,bovino,3.972,0.3263,1,2,Impacto Medio (Mix Ganadero Equilibrado)
Alemania,DEU,2020,porcino,0.799,0.1442,0,0,Baja Emisión (Dominio Avícola/Ovino)
Alemania,DEU,2020,avicola,0.092,0.0104,0,0,Baja Emisión (Dominio Avícola/Ovino)
Alemania,DEU,2020,ovino,0.201,0.0149,0,0,Baja Emisión (Dominio Avícola/Ovino)
Alemania,DEU,2020,caprino,0.381,0.0168,0,0,Baja Emisión (Dominio Avícola/Ovino)
Australia,AUS,2011,bovino,0.791,0.0313,0,0,Baja Emisión (Dominio Avícola/Ovino)
Australia,AUS,2011,porcino,0.766,0.0303,0,0,Baja Emisión (Dominio Avícola/Ovino)
Australia,AUS,2011,avicola,0.013,0.0014,0,0,Baja Emisión (Dominio Avícola/Ovino)
Australia,AUS,2011,ovino,0.546,0.0075,0,0,Baja Emisión (Dominio Avícola/Ovino)
Australia,AUS,2011,caprino,0.571,0.0576,0,0,Baja Emisión (Dominio Avícola/Ovino)
Australia,AUS,2012,bovino,1.473,0.0248,0,0,Baja Emisión (Dominio Avícola/Ovino)
Australia,AUS,2012,porcino,0.497,0.149,0,0,Baja Emisión (Dominio Avícola/Ovino)
Australia,AUS,2012,avicola,0.029,0.0003,0,0,Baja Emisión (Dominio Avícola/Ovino)
Australia,AUS,2012,ovino,1.197,0.0824,0,0,Baja Emisión (Dominio Avícola/Ovino)
Australia,AUS,2012,caprino,3.951,0.1608,1,2,Impacto Medio (Mix Ganadero Equilibrado)
Australia,AUS,2013,bovino,4.637,0.2444,1,2,Impacto Medio (Mix Ganadero Equilibrado)
Australia,AUS,2013,porcino,3.388,0.4199,1,2,Impacto Medio (Mix Ganadero Equilibrado)
Australia,AUS,2013,avicola,0.035,0.0033,0,0,Baja Emisión (Dominio Avícola/Ovino)
Australia,AUS,2013,ovino,5.728,0.1507,1,2,Impacto Medio (Mix Ganadero Equilibrado)
Australia,AUS,2013,caprino,2.953,0.1708,1,0,Baja Emisión (Dominio Avícola/Ovino)
Australia,AUS,2014,bovino,1.792,0.0209,0,0,Baja Emisión (Dominio Avícola/Ovino)
Australia,AUS,2014,porcino,0.695,0.1559,0,0,Baja Emisión (Dominio Avícola/Ovino)
Australia,AUS,2014,avicola,0.009,0.0021,0,0,Baja Emisión (Dominio Avícola/Ovino)
Australia,AUS,2014,ovino,1.778,0.0099,0,0,Baja Emisión (Dominio Avícola/Ovino)
Australia,AUS,2014,caprino,0.032,0.0284,0,0,Baja Emisión (Dominio Avícola/Ovino)
Australia,AUS,2015,bovino,10.596,0.7329,1,1,Alta Emisión (Bovino Intensivo)
Australia,AUS,2015,porcino,0.19,0.1623,0,0,Baja Emisión (Dominio Avícola/Ovino)
Australia,AUS,2015,avicola,0.17,0.0155,0,0,Baja Emisión (Dominio Avícola/Ovino)
Australia,AUS,2015,ovino,0.473,0.0153,0,0,Baja Emisión (Dominio Avícola/Ovino)
Australia,AUS,2015,caprino,0.824,0.0651,0,0,Baja Emisión (Dominio Avícola/Ovino)
Australia,AUS,2016,bovino,0.123,0.2164,0,0,Baja Emisión (Dominio Avícola/Ovino)
Australia,AUS,2016,porcino,0.201,0.0381,0,0,Baja Emisión (Dominio Avícola/Ovino)
Australia,AUS,2016,avicola,0.022,0.001,0,0,Baja Emisión (Dominio Avícola/Ovino)
Australia,AUS,2016,ovino,0.356,0.0272,0,0,Baja Emisión (Dominio Avícola/Ovino)
Australia,AUS,2016,caprino,1.847,0.0733,0,0,Baja Emisión (Dominio Avícola/Ovino)
Australia,AUS,2017,bovino,0.832,0.0154,0,0,Baja Emisión (Dominio Avícola/Ovino)
Australia,AUS,2017,porcino,0.636,0.0821,0,0,Baja Emisión (Dominio Avícola/Ovino)
Australia,AUS,2017,avicola,0.049,0.0044,0,0,Baja Emisión (Dominio Avícola/Ovino)
Australia,AUS,2017,ovino,0.557,0.0341,0,0,Baja Emisión (Dominio Avícola/Ovino)
Australia,AUS,2017,caprino,0.055,0.0148,0,0,Baja Emisión (Dominio Avícola/Ovino)
Australia,AUS,2018,bovino,0.513,0.1445,0,0,Baja Emisión (Dominio Avícola/Ovino)
Australia,AUS,2018,porcino,0.312,0.0593,0,0,Baja Emisión (Dominio Avícola/Ovino)
Australia,AUS,2018,avicola,0.059,0.0016,0,0,Baja Emisión (Dominio Avícola/Ovino)
Australia,AUS,2018,ovino,1.555,0.0049,0,0,Baja Emisión (Dominio Avícola/Ovino)
Australia,AUS,2018,caprino,0.554,0.0042,0,0,Baja Emisión (Dominio Avícola/Ovino)
Australia,AUS,2019,bovino,1.106,0.1244,0,0,Baja Emisión (Dominio Avícola/Ovino)
Australia,AUS,2019,porcino,1.554,0.1051,0,0,Baja Emisión (Dominio Avícola/Ovino)
Australia,AUS,2019,avicola,0.004,0.0028,0,0,Baja Emisión (Dominio Avícola/Ovino)
Australia,AUS,2019,ovino,0.298,0.0184,0,0,Baja Emisión (Dominio Avícola/Ovino)
Australia,AUS,2019,caprino,1.448,0.0563,0,0,Baja Emisión (Dominio Avícola/Ovino)
Australia,AUS,2020,bovino,0.867,0.0146,0,0,Baja Emisión (Dominio Avícola/Ovino)
Australia,AUS,2020,porcino,0.801,0.0276,0,0,Baja Emisión (Dominio Avícola/Ovino)
Australia,AUS,2020,avicola,0.023,0.0015,0,0,Baja Emisión (Dominio Avícola/Ovino)
Australia,AUS,2020,ovino,4.771,0.2178,1,2,Impacto Medio (Mix Ganadero Equilibrado)
Australia,AUS,2020,caprino,0.812,0.0469,0,0,Baja Emisión (Dominio Avícola/Ovino)
México,MEX,2011,bovino,0.54,0.0978,0,0,Baja Emisión (Dominio Avícola/Ovino)
México,MEX,2011,porcino,0.089,0.0769,0,0,Baja Emisión (Dominio Avícola/Ovino)
México,MEX,2011,avicola,0.005,0.0009,0,0,Baja Emisión (Dominio Avícola/Ovino)
México,MEX,2011,ovino,0.53,0.0088,0,0,Baja Emisión (Dominio Avícola/Ovino)
México,MEX,2011,caprino,0.465,0.021,0,0,Baja Emisión (Dominio Avícola/Ovino)
México,MEX,2012,bovino,0.936,0.0037,0,0,Baja Emisión (Dominio Avícola/Ovino)
México,MEX,2012,porcino,0.847,0.0906,0,0,Baja Emisión (Dominio Avícola/Ovino)
México,MEX,2012,avicola,0.035,0.0003,0,0,Baja Emisión (Dominio Avícola/Ovino)
México,MEX,2012,ovino,0.781,0.0212,0,0,Baja Emisión (Dominio Avícola/Ovino)
México,MEX,2012,caprino,2.35,0.1532,0,0,Baja Emisión (Dominio Avícola/Ovino)
México,MEX,2013,bovino,0.804,0.0706,0,0,Baja Emisión (Dominio Avícola/Ovino)
México,MEX,2013,porcino,0.901,0.1217,0,0,Baja Emisión (Dominio Avícola/Ovino)
México,MEX,2013,avicola,0.009,0.0007,0,0,Baja Emisión (Dominio Avícola/Ovino)
México,MEX,2013,ovino,0.435,0.0741,0,0,Baja Emisión (Dominio Avícola/Ovino)
México,MEX,2013,caprino,0.576,0.0268,0,0,Baja Emisión (Dominio Avícola/Ovino)
México,MEX,2014,bovino,1.22,0.0514,0,0,Baja Emisión (Dominio Avícola/Ovino)
México,MEX,2014,porcino,1.016,0.1915,0,0,Baja Emisión (Dominio Avícola/Ovino)
México,MEX,2014,avicola,0.018,0.0033,0,0,Baja Emisión (Dominio Avícola/Ovino)
México,MEX,2014,ovino,0.094,0.0043,0,0,Baja Emisión (Dominio Avícola/Ovino)
México,MEX,2014,caprino,0.645,0.0277,0,0,Baja Emisión (Dominio Avícola/Ovino)
México,MEX,2015,bovino,0.774,0.0819,0,0,Baja Emisión (Dominio Avícola/Ovino)
México,MEX,2015,porcino,0.584,0.1195,0,0,Baja Emisión (Dominio Avícola/Ovino)
México,MEX,2015,avicola,0.027,0.0027,0,0,Baja Emisión (Dominio Avícola/Ovino)
México,MEX,2015,ovino,0.917,0.0365,0,0,Baja Emisión (Dominio Avícola/Ovino)
México,MEX,2015,caprino,0.183,0.0009,0,0,Baja Emisión (Dominio Avícola/Ovino)
México,MEX,2016,bovino,0.437,0.1223,0,0,Baja Emisión (Dominio Avícola/Ovino)
México,MEX,2016,porcino,7.958,1.0,1,2,Impacto Medio (Mix Ganadero Equilibrado)
México,MEX,2016,avicola,0.004,0.0018,0,0,Baja Emisión (Dominio Avícola/Ovino)
México,MEX,2016,ovino,1.284,0.0397,0,0,Baja Emisión (Dominio Avícola/Ovino)
México,MEX,2016,caprino,0.152,0.0204,0,0,Baja Emisión (Dominio Avícola/Ovino)
México,MEX,2017,bovino,1.242,0.0132,0,0,Baja Emisión (Dominio Avícola/Ovino)
México,MEX,2017,porcino,0.328,0.0934,0,0,Baja Emisión (Dominio Avícola/Ovino)
México,MEX,2017,avicola,0.015,0.0012,0,0,Baja Emisión (Dominio Avícola/Ovino)
México,MEX,2017,ovino,0.441,0.0103,0,0,Baja Emisión (Dominio Avícola/Ovino)
México,MEX,2017,caprino,1.929,0.0939,0,0,Baja Emisión (Dominio Avícola/Ovino)
México,MEX,2018,bovino,1.354,0.1082,0,0,Baja Emisión (Dominio Avícola/Ovino)
México,MEX,2018,porcino,0.681,0.2244,0,0,Baja Emisión (Dominio Avícola/Ovino)
México,MEX,2018,avicola,0.031,0.0036,0,0,Baja Emisión (Dominio Avícola/Ovino)
México,MEX,2018,ovino,0.99,0.1153,0,0,Baja Emisión (Dominio Avícola/Ovino)
México,MEX,2018,caprino,0.176,0.0261,0,0,Baja Emisión (Dominio Avícola/Ovino)
México,MEX,2019,bovino,0.319,0.1439,0,0,Baja Emisión (Dominio Avícola/Ovino)
México,MEX,2019,porcino,0.583,0.0414,0,0,Baja Emisión (Dominio Avícola/Ovino)
México,MEX,2019,avicola,0.008,0.0018,0,0,Baja Emisión (Dominio Avícola/Ovino)
México,MEX,2019,ovino,0.139,0.0009,0,0,Baja Emisión (Dominio Avícola/Ovino)
México,MEX,2019,caprino,0.428,0.0203,0,0,Baja Emisión (Dominio Avícola/Ovino)
México,MEX,2020,bovino,0.275,0.0354,0,0,Baja Emisión (Dominio Avícola/Ovino)
México,MEX,2020,porcino,3.098,0.2221,1,2,Impacto Medio (Mix Ganadero Equilibrado)
México,MEX,2020,avicola,0.015,0.0009,0,0,Baja Emisión (Dominio Avícola/Ovino)
México,MEX,2020,ovino,0.306,0.0273,0,0,Baja Emisión (Dominio Avícola/Ovino)
México,MEX,2020,caprino,1.421,0.0449,0,0,Baja Emisión (Dominio Avícola/Ovino)
Kenia,KEN,2011,bovino,0.586,0.0225,0,0,Baja Emisión (Dominio Avícola/Ovino)
Kenia,KEN,2011,porcino,0.566,0.1931,0,0,Baja Emisión (Dominio Avícola/Ovino)
Kenia,KEN,2011,avicola,0.056,0.0015,0,0,Baja Emisión (Dominio Avícola/Ovino)
Kenia,KEN,2011,ovino,2.188,0.0853,0,0,Baja Emisión (Dominio Avícola/Ovino)
Kenia,KEN,2011,caprino,0.013,0.0029,0,0,Baja Emisión (Dominio Avícola/Ovino)
Kenia,KEN,2012,bovino,1.179,0.1493,0,0,Baja Emisión (Dominio Avícola/Ovino)
Kenia,KEN,2012,porcino,0.445,0.0513,0,0,Baja Emisión (Dominio Avícola/Ovino)
Kenia,KEN,2012,avicola,0.054,0.0005,0,0,Baja Emisión (Dominio Avícola/Ovino)
Kenia,KEN,2012,ovino,0.411,0.0175,0,0,Baja Emisión (Dominio Avícola/Ovino)
Kenia,KEN,2012,caprino,0.239,0.0133,0,0,Baja Emisión (Dominio Avícola/Ovino)
Kenia,KEN,2013,bovino,11.091,0.4765,1,1,Alta Emisión (Bovino Intensivo)
Kenia,KEN,2013,porcino,0.27,0.1065,0,0,Baja Emisión (Dominio Avícola/Ovino)
Kenia,KEN,2013,avicola,0.053,0.0038,0,0,Baja Emisión (Dominio Avícola/Ovino)
Kenia,KEN,2013,ovino,0.777,0.0273,0,0,Baja Emisión (Dominio Avícola/Ovino)
Kenia,KEN,2013,caprino,1.322,0.1356,0,0,Baja Emisión (Dominio Avícola/Ovino)
Kenia,KEN,2014,bovino,0.191,0.3146,0,0,Baja Emisión (Dominio Avícola/Ovino)
Kenia,KEN,2014,porcino,5.194,1.0,1,2,Impacto Medio (Mix Ganadero Equilibrado)
Kenia,KEN,2014,avicola,3.547,0.1378,1,2,Impacto Medio (Mix Ganadero Equilibrado)
Kenia,KEN,2014,ovino,0.778,0.009,0,0,Baja Emisión (Dominio Avícola/Ovino)
Kenia,KEN,2014,caprino,0.515,0.0186,0,0,Baja Emisión (Dominio Avícola/Ovino)
Kenia,KEN,2015,bovino,2.232,0.1264,0,0,Baja Emisión (Dominio Avícola/Ovino)
Kenia,KEN,2015,porcino,2.509,0.2491,1,2,Impacto Medio (Mix Ganadero Equilibrado)
Kenia,KEN,2015,avicola,0.01,0.0047,0,0,Baja Emisión (Dominio Avícola/Ovino)
Kenia,KEN,2015,ovino,0.744,0.0514,0,0,Baja Emisión (Dominio Avícola/Ovino)
Kenia,KEN,2015,caprino,0.77,0.0133,0,0,Baja Emisión (Dominio Avícola/Ovino)
Kenia,KEN,2016,bovino,1.296,0.4506,0,2,Impacto Medio (Mix Ganadero Equilibrado)
Kenia,KEN,2016,porcino,0.205,0.0796,0,0,Baja Emisión (Dominio Avícola/Ovino)
Kenia,KEN,2016,avicola,0.031,0.0026,0,0,Baja Emisión (Dominio Avícola/Ovino)
Kenia,KEN,2016,ovino,31.303,0.4219,1,1,Alta Emisión (Bovino Intensivo)
Kenia,KEN,2016,caprino,0.612,0.0481,0,0,Baja Emisión (Dominio Avícola/Ovino)
Kenia,KEN,2017,bovino,0.596,0.0483,0,0,Baja Emisión (Dominio Avícola/Ovino)
Kenia,KEN,2017,porcino,4.28,0.6516,1,2,Impacto Medio (Mix Ganadero Equilibrado)
Kenia,KEN,2017,avicola,0.067,0.0005,0,0,Baja Emisión (Dominio Avícola/Ovino)
Kenia,KEN,2017,ovino,0.165,0.0173,0,0,Baja Emisión (Dominio Avícola/Ovino)
Kenia,KEN,2017,caprino,1.115,0.0368,0,0,Baja Emisión (Dominio Avícola/Ovino)
Kenia,KEN,2018,bovino,0.866,0.1685,0,0,Baja Emisión (Dominio Avícola/Ovino)
Kenia,KEN,2018,porcino,0.838,0.2817,0,0,Baja Emisión (Dominio Avícola/Ovino)
Kenia,KEN,2018,avicola,0.031,0.0014,0,0,Baja Emisión (Dominio Avícola/Ovino)
Kenia,KEN,2018,ovino,0.233,0.0099,0,0,Baja Emisión (Dominio Avícola/Ovino)
Kenia,KEN,2018,caprino,0.574,0.0232,0,0,Baja Emisión (Dominio Avícola/Ovino)
Kenia,KEN,2019,bovino,0.759,0.0346,0,0,Baja Emisión (Dominio Avícola/Ovino)
Kenia,KEN,2019,porcino,1.013,0.1455,0,0,Baja Emisión (Dominio Avícola/Ovino)
Kenia,KEN,2019,avicola,0.031,0.0012,0,0,Baja Emisión (Dominio Avícola/Ovino)
Kenia,KEN,2019,ovino,0.245,0.0194,0,0,Baja Emisión (Dominio Avícola/Ovino)
Kenia,KEN,2019,caprino,0.77,0.03,0,0,Baja Emisión (Dominio Avícola/Ovino)
Kenia,KEN,2020,bovino,1.26,0.0989,0,0,Baja Emisión (Dominio Avícola/Ovino)
Kenia,KEN,2020,porcino,0.469,0.1229,0,0,Baja Emisión (Dominio Avícola/Ovino)
Kenia,KEN,2020,avicola,0.29,0.0111,0,0,Baja Emisión (Dominio Avícola/Ovino)
Kenia,KEN,2020,ovino,0.076,0.0296,0,0,Baja Emisión (Dominio Avícola/Ovino)
Kenia,KEN,2020,caprino,0.21,0.0088,0,0,Baja Emisión (Dominio Avícola/Ovino)
Nueva Zelanda,NZL,2011,bovino,0.968,0.0227,0,0,Baja Emisión (Dominio Avícola/Ovino)
Nueva Zelanda,NZL,2011,porcino,1.667,1.0,0,2,Impacto Medio (Mix Ganadero Equilibrado)
Nueva Zelanda,NZL,2011,avicola,0.074,0.0023,0,0,Baja Emisión (Dominio Avícola/Ovino)
Nueva Zelanda,NZL,2011,ovino,4.038,0.1598,1,2,Impacto Medio (Mix Ganadero Equilibrado)
Nueva Zelanda,NZL,2011,caprino,0.504,0.0061,0,0,Baja Emisión (Dominio Avícola/Ovino)
Nueva Zelanda,NZL,2012,bovino,0.585,0.0401,0,0,Baja Emisión (Dominio Avícola/Ovino)
Nueva Zelanda,NZL,2012,porcino,0.125,0.0178,0,0,Baja Emisión (Dominio Avícola/Ovino)
Nueva Zelanda,NZL,2012,avicola,0.005,0.0015,0,0,Baja Emisión (Dominio Avícola/Ovino)
Nueva Zelanda,NZL,2012,ovino,0.297,0.0017,0,0,Baja Emisión (Dominio Avícola/Ovino)
Nueva Zelanda,NZL,2012,caprino,0.547,0.0433,0,0,Baja Emisión (Dominio Avícola/Ovino)
Nueva Zelanda,NZL,2013,bovino,1.054,0.3463,0,0,Baja Emisión (Dominio Avícola/Ovino)
Nueva Zelanda,NZL,2013,porcino,0.187,0.0477,0,0,Baja Emisión (Dominio Avícola/Ovino)
Nueva Zelanda,NZL,2013,avicola,0.034,0.002,0,0,Baja Emisión (Dominio Avícola/Ovino)
Nueva Zelanda,NZL,2013,ovino,12.651,0.0175,1,1,Alta Emisión (Bovino Intensivo)
Nueva Zelanda,NZL,2013,caprino,1.937,0.0107,0,0,Baja Emisión (Dominio Avícola/Ovino)
Nueva Zelanda,NZL,2014,bovino,2.104,0.1901,0,0,Baja Emisión (Dominio Avícola/Ovino)
Nueva Zelanda,NZL,2014,porcino,3.963,1.0,1,2,Impacto Medio (Mix Ganadero Equilibrado)
Nueva Zelanda,NZL,2014,avicola,0.213,0.0061,0,0,Baja Emisión (Dominio Avícola/Ovino)
Nueva Zelanda,NZL,2014,ovino,0.131,0.0124,0,0,Baja Emisión (Dominio Avícola/Ovino)
Nueva Zelanda,NZL,2014,caprino,0.6,0.0219,0,0,Baja Emisión (Dominio Avícola/Ovino)
Nueva Zelanda,NZL,2015,bovino,0.554,0.0939,0,0,Baja Emisión (Dominio Avícola/Ovino)
Nueva Zelanda,NZL,2015,porcino,0.393,0.1019,0,0,Baja Emisión (Dominio Avícola/Ovino)
Nueva Zelanda,NZL,2015,avicola,0.021,0.0004,0,0,Baja Emisión (Dominio Avícola/Ovino)
Nueva Zelanda,NZL,2015,ovino,4.512,0.241,1,2,Impacto Medio (Mix Ganadero Equilibrado)
Nueva Zelanda,NZL,2015,caprino,0.331,0.0187,0,0,Baja Emisión (Dominio Avícola/Ovino)
Nueva Zelanda,NZL,2016,bovino,0.286,0.0174,0,0,Baja Emisión (Dominio Avícola/Ovino)
Nueva Zelanda,NZL,2016,porcino,0.277,0.1529,0,0,Baja Emisión (Dominio Avícola/Ovino)
Nueva Zelanda,NZL,2016,avicola,0.067,0.0032,0,0,Baja Emisión (Dominio Avícola/Ovino)
Nueva Zelanda,NZL,2016,ovino,0.057,0.0212,0,0,Baja Emisión (Dominio Avícola/Ovino)
Nueva Zelanda,NZL,2016,caprino,0.678,0.026,0,0,Baja Emisión (Dominio Avícola/Ovino)
Nueva Zelanda,NZL,2017,bovino,0.398,0.796,0,2,Impacto Medio (Mix Ganadero Equilibrado)
Nueva Zelanda,NZL,2017,porcino,1.839,0.327,0,0,Baja Emisión (Dominio Avícola/Ovino)
Nueva Zelanda,NZL,2017,avicola,0.043,0.0014,0,0,Baja Emisión (Dominio Avícola/Ovino)
Nueva Zelanda,NZL,2017,ovino,0.562,0.0243,0,0,Baja Emisión (Dominio Avícola/Ovino)
Nueva Zelanda,NZL,2017,caprino,2.603,0.1754,1,0,Baja Emisión (Dominio Avícola/Ovino)
Nueva Zelanda,NZL,2018,bovino,0.453,0.0426,0,0,Baja Emisión (Dominio Avícola/Ovino)
Nueva Zelanda,NZL,2018,porcino,0.833,0.1742,0,0,Baja Emisión (Dominio Avícola/Ovino)
Nueva Zelanda,NZL,2018,avicola,0.124,0.0015,0,0,Baja Emisión (Dominio Avícola/Ovino)
Nueva Zelanda,NZL,2018,ovino,0.526,0.0148,0,0,Baja Emisión (Dominio Avícola/Ovino)
Nueva Zelanda,NZL,2018,caprino,20.535,0.4452,1,1,Alta Emisión (Bovino Intensivo)
Nueva Zelanda,NZL,2019,bovino,0.857,0.0471,0,0,Baja Emisión (Dominio Avícola/Ovino)
Nueva Zelanda,NZL,2019,porcino,0.169,0.1456,0,0,Baja Emisión (Dominio Avícola/Ovino)
Nueva Zelanda,NZL,2019,avicola,0.014,0.0027,0,0,Baja Emisión (Dominio Avícola/Ovino)
Nueva Zelanda,NZL,2019,ovino,0.345,0.0222,0,0,Baja Emisión (Dominio Avícola/Ovino)
Nueva Zelanda,NZL,2019,caprino,0.333,0.0697,0,0,Baja Emisión (Dominio Avícola/Ovino)
Nueva Zelanda,NZL,2020,bovino,0.591,0.0822,0,0,Baja Emisión (Dominio Avícola/Ovino)
Nueva Zelanda,NZL,2020,porcino,0.036,0.0234,0,0,Baja Emisión (Dominio Avícola/Ovino)
Nueva Zelanda,NZL,2020,avicola,0.12,0.0026,0,0,Baja Emisión (Dominio Avícola/Ovino)
Nueva Zelanda,NZL,2020,ovino,0.073,0.0116,0,0,Baja Emisión (Dominio Avícola/Ovino)
Nueva Zelanda,NZL,2020,caprino,0.299,0.0044,0,0,Baja Emisión (Dominio Avícola/Ovino)
España,ESP,2011,bovino,0.861,0.1821,0,0,Baja Emisión (Dominio Avícola/Ovino)
España,ESP,2011,porcino,0.861,0.1724,0,0,Baja Emisión (Dominio Avícola/Ovino)
España,ESP,2011,avicola,0.022,0.0025,0,0,Baja Emisión (Dominio Avícola/Ovino)
España,ESP,2011,ovino,0.185,0.0153,0,0,Baja Emisión (Dominio Avícola/Ovino)
España,ESP,2011,caprino,0.722,0.0114,0,0,Baja Emisión (Dominio Avícola/Ovino)
España,ESP,2012,bovino,1.934,0.2563,0,0,Baja Emisión (Dominio Avícola/Ovino)
España,ESP,2012,porcino,0.761,0.1112,0,0,Baja Emisión (Dominio Avícola/Ovino)
España,ESP,2012,avicola,0.016,0.0021,0,0,Baja Emisión (Dominio Avícola/Ovino)
España,ESP,2012,ovino,0.009,0.0072,0,0,Baja Emisión (Dominio Avícola/Ovino)
España,ESP,2012,caprino,0.35,0.0072,0,0,Baja Emisión (Dominio Avícola/Ovino)
España,ESP,2013,bovino,0.137,0.0016,0,0,Baja Emisión (Dominio Avícola/Ovino)
España,ESP,2013,porcino,0.764,0.1235,0,0,Baja Emisión (Dominio Avícola/Ovino)
España,ESP,2013,avicola,0.081,0.0035,0,0,Baja Emisión (Dominio Avícola/Ovino)
España,ESP,2013,ovino,0.349,0.0112,0,0,Baja Emisión (Dominio Avícola/Ovino)
España,ESP,2013,caprino,0.74,0.0141,0,0,Baja Emisión (Dominio Avícola/Ovino)
España,ESP,2014,bovino,6.967,0.2952,1,2,Impacto Medio (Mix Ganadero Equilibrado)
España,ESP,2014,porcino,1.871,0.3653,0,2,Impacto Medio (Mix Ganadero Equilibrado)
España,ESP,2014,avicola,0.013,0.0023,0,0,Baja Emisión (Dominio Avícola/Ovino)
España,ESP,2014,ovino,0.317,0.0254,0,0,Baja Emisión (Dominio Avícola/Ovino)
España,ESP,2014,caprino,0.479,0.0368,0,0,Baja Emisión (Dominio Avícola/Ovino)
España,ESP,2015,bovino,1.702,0.3092,0,0,Baja Emisión (Dominio Avícola/Ovino)
España,ESP,2015,porcino,9.226,1.0,1,2,Impacto Medio (Mix Ganadero Equilibrado)
España,ESP,2015,avicola,0.098,0.0005,0,0,Baja Emisión (Dominio Avícola/Ovino)
España,ESP,2015,ovino,1.358,0.1505,0,0,Baja Emisión (Dominio Avícola/Ovino)
España,ESP,2015,caprino,1.363,0.6648,0,2,Impacto Medio (Mix Ganadero Equilibrado)
España,ESP,2016,bovino,1.082,0.0923,0,0,Baja Emisión (Dominio Avícola/Ovino)
España,ESP,2016,porcino,0.151,0.2807,0,0,Baja Emisión (Dominio Avícola/Ovino)
España,ESP,2016,avicola,0.034,0.0002,0,0,Baja Emisión (Dominio Avícola/Ovino)
España,ESP,2016,ovino,0.487,0.0204,0,0,Baja Emisión (Dominio Avícola/Ovino)
España,ESP,2016,caprino,0.581,0.025,0,0,Baja Emisión (Dominio Avícola/Ovino)
España,ESP,2017,bovino,13.715,0.884,1,1,Alta Emisión (Bovino Intensivo)
España,ESP,2017,porcino,0.294,0.1013,0,0,Baja Emisión (Dominio Avícola/Ovino)
España,ESP,2017,avicola,0.003,0.0004,0,0,Baja Emisión (Dominio Avícola/Ovino)
España,ESP,2017,ovino,4.31,0.0793,1,2,Impacto Medio (Mix Ganadero Equilibrado)
España,ESP,2017,caprino,0.058,0.0531,0,0,Baja Emisión (Dominio Avícola/Ovino)
España,ESP,2018,bovino,0.628,0.0587,0,0,Baja Emisión (Dominio Avícola/Ovino)
España,ESP,2018,porcino,1.458,0.1453,0,0,Baja Emisión (Dominio Avícola/Ovino)
España,ESP,2018,avicola,0.047,0.0008,0,0,Baja Emisión (Dominio Avícola/Ovino)
España,ESP,2018,ovino,0.809,0.0407,0,0,Baja Emisión (Dominio Avícola/Ovino)
España,ESP,2018,caprino,0.009,0.0129,0,0,Baja Emisión (Dominio Avícola/Ovino)
España,ESP,2019,bovino,0.836,0.0775,0,0,Baja Emisión (Dominio Avícola/Ovino)
España,ESP,2019,porcino,2.44,0.7303,1,2,Impacto Medio (Mix Ganadero Equilibrado)
España,ESP,2019,avicola,0.007,0.0003,0,0,Baja Emisión (Dominio Avícola/Ovino)
España,ESP,2019,ovino,0.07,0.0273,0,0,Baja Emisión (Dominio Avícola/Ovino)
España,ESP,2019,caprino,15.948,0.2974,1,1,Alta Emisión (Bovino Intensivo)
España,ESP,2020,bovino,0.2,0.0427,0,0,Baja Emisión (Dominio Avícola/Ovino)
España,ESP,2020,porcino,0.264,0.0986,0,0,Baja Emisión (Dominio Avícola/Ovino)
España,ESP,2020,avicola,0.025,0.0013,0,0,Baja Emisión (Dominio Avícola/Ovino)
España,ESP,2020,ovino,0.541,0.0233,0,0,Baja Emisión (Dominio Avícola/Ovino)
España,ESP,2020,caprino,0.752,0.0142,0,0,Baja Emisión (Dominio Avícola/Ovino)
